game_date,fielding_team,G,ingame_leadoff_walks,runs_scored_after_walk,tot_walks,run_scored_num,run_scored_tot,run_scored_pct
3/28/2025,Arizona Diamondbacks,1,1,2,1,1,1,100
3/29/2025,Arizona Diamondbacks,2,0,0,1,0,1,100
3/30/2025,Arizona Diamondbacks,3,2,2,3,1,2,66.7
3/30/2025,Arizona Diamondbacks,4,0,0,3,0,2,66.7
4/1/2025,Arizona Diamondbacks,5,1,0,4,0,2,50
4/2/2025,Arizona Diamondbacks,6,0,0,4,0,2,50
4/3/2025,Arizona Diamondbacks,7,0,0,4,0,2,50
4/4/2025,Arizona Diamondbacks,8,0,0,4,0,2,50
4/5/2025,Arizona Diamondbacks,9,1,0,5,0,2,40
4/6/2025,Arizona Diamondbacks,10,0,0,5,0,2,40
4/8/2025,Arizona Diamondbacks,11,0,0,5,0,2,40
4/9/2025,Arizona Diamondbacks,12,1,0,6,0,2,33.3
4/9/2025,Arizona Diamondbacks,13,0,0,6,0,2,33.3
4/12/2025,Arizona Diamondbacks,14,1,0,7,0,2,28.6
4/13/2025,Arizona Diamondbacks,15,0,0,7,0,2,28.6
4/13/2025,Arizona Diamondbacks,16,0,0,7,0,2,28.6
4/15/2025,Arizona Diamondbacks,17,0,0,7,0,2,28.6
4/16/2025,Arizona Diamondbacks,18,0,0,7,0,2,28.6
4/17/2025,Arizona Diamondbacks,19,0,0,7,0,2,28.6
4/18/2025,Arizona Diamondbacks,20,0,0,7,0,2,28.6
4/19/2025,Arizona Diamondbacks,21,3,6,10,1,3,30
4/20/2025,Arizona Diamondbacks,22,1,0,11,0,3,27.3
4/23/2025,Arizona Diamondbacks,23,1,0,12,0,3,25
4/24/2025,Arizona Diamondbacks,24,0,0,12,0,3,25
4/25/2025,Arizona Diamondbacks,25,0,0,12,0,3,25
4/26/2025,Arizona Diamondbacks,26,1,0,13,0,3,23.1
4/27/2025,Arizona Diamondbacks,27,0,0,13,0,3,23.1
4/27/2025,Arizona Diamondbacks,28,2,0,15,0,3,20
4/29/2025,Arizona Diamondbacks,29,0,0,15,0,3,20
4/30/2025,Arizona Diamondbacks,30,1,0,16,0,3,18.8
5/1/2025,Arizona Diamondbacks,31,0,0,16,0,3,18.8
5/2/2025,Arizona Diamondbacks,32,0,0,16,0,3,18.8
5/3/2025,Arizona Diamondbacks,33,0,0,16,0,3,18.8
5/4/2025,Arizona Diamondbacks,34,2,1,18,1,4,22.2
5/6/2025,Arizona Diamondbacks,35,1,2,19,1,5,26.3
5/7/2025,Arizona Diamondbacks,36,0,0,19,0,5,26.3
5/7/2025,Arizona Diamondbacks,37,1,0,20,0,5,25
5/9/2025,Arizona Diamondbacks,38,2,0,22,0,5,22.7
5/10/2025,Arizona Diamondbacks,39,0,0,22,0,5,22.7
5/11/2025,Arizona Diamondbacks,40,0,0,22,0,5,22.7
5/11/2025,Arizona Diamondbacks,41,0,0,22,0,5,22.7
5/13/2025,Arizona Diamondbacks,42,0,0,22,0,5,22.7
3/28/2025,Athletics,1,2,1,2,1,1,50
3/29/2025,Athletics,2,1,0,3,0,1,33.3
3/30/2025,Athletics,3,0,0,3,0,1,33.3
3/30/2025,Athletics,4,3,1,6,1,2,33.3
4/1/2025,Athletics,5,0,0,6,0,2,33.3
4/2/2025,Athletics,6,0,0,6,0,2,33.3
4/2/2025,Athletics,7,0,0,6,0,2,33.3
4/4/2025,Athletics,8,1,0,7,0,2,28.6
4/6/2025,Athletics,9,0,0,7,0,2,28.6
4/6/2025,Athletics,10,0,0,7,0,2,28.6
4/8/2025,Athletics,11,0,0,7,0,2,28.6
4/9/2025,Athletics,12,0,0,7,0,2,28.6
4/9/2025,Athletics,13,0,0,7,0,2,28.6
4/12/2025,Athletics,14,0,0,7,0,2,28.6
4/12/2025,Athletics,15,1,0,8,0,2,25
4/13/2025,Athletics,16,0,0,8,0,2,25
4/15/2025,Athletics,17,0,0,8,0,2,25
4/16/2025,Athletics,18,0,0,8,0,2,25
4/17/2025,Athletics,19,0,0,8,0,2,25
4/19/2025,Athletics,20,0,0,8,0,2,25
4/19/2025,Athletics,21,0,0,8,0,2,25
4/20/2025,Athletics,22,0,0,8,0,2,25
4/23/2025,Athletics,23,0,0,8,0,2,25
4/24/2025,Athletics,24,0,0,8,0,2,25
4/25/2025,Athletics,25,0,0,8,0,2,25
4/26/2025,Athletics,26,1,3,9,1,3,33.3
4/26/2025,Athletics,27,1,0,10,0,3,30
4/27/2025,Athletics,28,1,0,11,0,3,27.3
4/29/2025,Athletics,29,0,0,11,0,3,27.3
4/30/2025,Athletics,30,2,1,13,1,4,30.8
5/1/2025,Athletics,31,0,0,13,0,4,30.8
5/1/2025,Athletics,32,1,0,14,0,4,28.6
5/2/2025,Athletics,33,0,0,14,0,4,28.6
5/3/2025,Athletics,34,2,2,16,1,5,31.2
5/4/2025,Athletics,35,0,0,16,0,5,31.2
5/6/2025,Athletics,36,0,0,16,0,5,31.2
5/7/2025,Athletics,37,0,0,16,0,5,31.2
5/7/2025,Athletics,38,0,0,16,0,5,31.2
5/10/2025,Athletics,39,1,0,17,0,5,29.4
5/10/2025,Athletics,40,0,0,17,0,5,29.4
5/11/2025,Athletics,41,0,0,17,0,5,29.4
3/27/2025,Atlanta Braves,1,0,0,0,0,0,NA
3/29/2025,Atlanta Braves,2,0,0,0,0,0,NA
3/29/2025,Atlanta Braves,3,0,0,0,0,0,NA
3/30/2025,Atlanta Braves,4,2,3,2,1,1,50
4/1/2025,Atlanta Braves,5,1,2,3,1,2,66.7
4/2/2025,Atlanta Braves,6,0,0,3,0,2,66.7
4/3/2025,Atlanta Braves,7,2,2,5,1,3,60
4/4/2025,Atlanta Braves,8,0,0,5,0,3,60
4/5/2025,Atlanta Braves,9,0,0,5,0,3,60
4/8/2025,Atlanta Braves,10,0,0,5,0,3,60
4/9/2025,Atlanta Braves,11,1,0,6,0,3,50
4/10/2025,Atlanta Braves,12,2,0,8,0,3,37.5
4/11/2025,Atlanta Braves,13,1,0,9,0,3,33.3
4/12/2025,Atlanta Braves,14,0,0,9,0,3,33.3
4/13/2025,Atlanta Braves,15,3,2,12,1,4,33.3
4/14/2025,Atlanta Braves,16,1,0,13,0,4,30.8
4/15/2025,Atlanta Braves,17,0,0,13,0,4,30.8
4/16/2025,Atlanta Braves,18,0,0,13,0,4,30.8
4/18/2025,Atlanta Braves,19,1,1,14,1,5,35.7
4/19/2025,Atlanta Braves,20,0,0,14,0,5,35.7
4/20/2025,Atlanta Braves,21,1,0,15,0,5,33.3
4/21/2025,Atlanta Braves,22,0,0,15,0,5,33.3
4/22/2025,Atlanta Braves,23,1,0,16,0,5,31.2
4/23/2025,Atlanta Braves,24,0,0,16,0,5,31.2
4/26/2025,Atlanta Braves,25,0,0,16,0,5,31.2
4/27/2025,Atlanta Braves,26,0,0,16,0,5,31.2
4/27/2025,Atlanta Braves,27,2,4,18,1,6,33.3
4/29/2025,Atlanta Braves,28,0,0,18,0,6,33.3
4/30/2025,Atlanta Braves,29,0,0,18,0,6,33.3
4/30/2025,Atlanta Braves,30,0,0,18,0,6,33.3
5/2/2025,Atlanta Braves,31,1,0,19,0,6,31.6
5/3/2025,Atlanta Braves,32,0,0,19,0,6,31.6
5/4/2025,Atlanta Braves,33,1,1,20,1,7,35
5/5/2025,Atlanta Braves,34,0,0,20,0,7,35
5/6/2025,Atlanta Braves,35,0,0,20,0,7,35
5/7/2025,Atlanta Braves,36,0,0,20,0,7,35
5/8/2025,Atlanta Braves,37,0,0,20,0,7,35
5/9/2025,Atlanta Braves,38,0,0,20,0,7,35
5/10/2025,Atlanta Braves,39,2,1,22,1,8,36.4
5/11/2025,Atlanta Braves,40,1,0,23,0,8,34.8
5/12/2025,Atlanta Braves,41,1,0,24,0,8,33.3
3/27/2025,Baltimore Orioles,1,2,0,2,0,0,0
3/28/2025,Baltimore Orioles,2,1,2,3,1,1,33.3
3/29/2025,Baltimore Orioles,3,3,3,6,1,2,33.3
3/30/2025,Baltimore Orioles,4,1,2,7,1,3,42.9
3/31/2025,Baltimore Orioles,5,2,4,9,1,4,44.4
4/2/2025,Baltimore Orioles,6,1,0,10,0,4,40
4/3/2025,Baltimore Orioles,7,1,2,11,1,5,45.5
4/4/2025,Baltimore Orioles,8,1,0,12,0,5,41.7
4/5/2025,Baltimore Orioles,9,1,0,13,0,5,38.5
4/6/2025,Baltimore Orioles,10,0,0,13,0,5,38.5
4/8/2025,Baltimore Orioles,11,0,0,13,0,5,38.5
4/9/2025,Baltimore Orioles,12,2,0,15,0,5,33.3
4/9/2025,Baltimore Orioles,13,2,2,17,1,6,35.3
4/12/2025,Baltimore Orioles,14,0,0,17,0,6,35.3
4/13/2025,Baltimore Orioles,15,1,0,18,0,6,33.3
4/15/2025,Baltimore Orioles,16,1,1,19,1,7,36.8
4/16/2025,Baltimore Orioles,17,0,0,19,0,7,36.8
4/17/2025,Baltimore Orioles,18,0,0,19,0,7,36.8
4/18/2025,Baltimore Orioles,19,4,4,23,1,8,34.8
4/19/2025,Baltimore Orioles,20,0,0,23,0,8,34.8
4/20/2025,Baltimore Orioles,21,2,4,25,1,9,36
4/22/2025,Baltimore Orioles,22,0,0,25,0,9,36
4/23/2025,Baltimore Orioles,23,0,0,25,0,9,36
4/24/2025,Baltimore Orioles,24,0,0,25,0,9,36
4/26/2025,Baltimore Orioles,25,0,0,25,0,9,36
4/26/2025,Baltimore Orioles,26,3,6,28,1,10,35.7
4/27/2025,Baltimore Orioles,27,1,2,29,1,11,37.9
4/28/2025,Baltimore Orioles,28,0,0,29,0,11,37.9
4/29/2025,Baltimore Orioles,29,0,0,29,0,11,37.9
4/30/2025,Baltimore Orioles,30,2,1,31,1,12,38.7
5/2/2025,Baltimore Orioles,31,0,0,31,0,12,38.7
5/3/2025,Baltimore Orioles,32,1,0,32,0,12,37.5
5/4/2025,Baltimore Orioles,33,1,0,33,0,12,36.4
5/6/2025,Baltimore Orioles,34,0,0,33,0,12,36.4
5/7/2025,Baltimore Orioles,35,2,2,35,1,13,37.1
5/8/2025,Baltimore Orioles,36,2,4,37,1,14,37.8
5/10/2025,Baltimore Orioles,37,0,0,37,0,14,37.8
5/11/2025,Baltimore Orioles,38,0,0,37,0,14,37.8
5/11/2025,Baltimore Orioles,39,0,0,37,0,14,37.8
3/27/2025,Boston Red Sox,1,1,1,1,1,1,100
3/29/2025,Boston Red Sox,2,0,0,1,0,1,100
3/29/2025,Boston Red Sox,3,0,0,1,0,1,100
3/30/2025,Boston Red Sox,4,0,0,1,0,1,100
3/31/2025,Boston Red Sox,5,0,0,1,0,1,100
4/2/2025,Boston Red Sox,6,0,0,1,0,1,100
4/3/2025,Boston Red Sox,7,1,0,2,0,1,50
4/4/2025,Boston Red Sox,8,1,1,3,1,2,66.7
4/6/2025,Boston Red Sox,9,0,0,3,0,2,66.7
4/6/2025,Boston Red Sox,10,0,0,3,0,2,66.7
4/7/2025,Boston Red Sox,11,0,0,3,0,2,66.7
4/8/2025,Boston Red Sox,12,0,0,3,0,2,66.7
4/9/2025,Boston Red Sox,13,1,0,4,0,2,50
4/10/2025,Boston Red Sox,14,0,0,4,0,2,50
4/11/2025,Boston Red Sox,15,1,0,5,0,2,40
4/12/2025,Boston Red Sox,16,0,0,5,0,2,40
4/13/2025,Boston Red Sox,17,1,0,6,0,2,33.3
4/14/2025,Boston Red Sox,18,1,0,7,0,2,28.6
4/15/2025,Boston Red Sox,19,1,0,8,0,2,25
4/16/2025,Boston Red Sox,20,2,0,10,0,2,20
4/18/2025,Boston Red Sox,21,0,0,10,0,2,20
4/19/2025,Boston Red Sox,22,1,0,11,0,2,18.2
4/20/2025,Boston Red Sox,23,0,0,11,0,2,18.2
4/21/2025,Boston Red Sox,24,0,0,11,0,2,18.2
4/22/2025,Boston Red Sox,25,0,0,11,0,2,18.2
4/23/2025,Boston Red Sox,26,0,0,11,0,2,18.2
4/24/2025,Boston Red Sox,27,0,0,11,0,2,18.2
4/26/2025,Boston Red Sox,28,1,0,12,0,2,16.7
4/26/2025,Boston Red Sox,29,0,0,12,0,2,16.7
4/27/2025,Boston Red Sox,30,0,0,12,0,2,16.7
4/29/2025,Boston Red Sox,31,0,0,12,0,2,16.7
4/30/2025,Boston Red Sox,32,0,0,12,0,2,16.7
5/1/2025,Boston Red Sox,33,0,0,12,0,2,16.7
5/2/2025,Boston Red Sox,34,0,0,12,0,2,16.7
5/3/2025,Boston Red Sox,35,0,0,12,0,2,16.7
5/4/2025,Boston Red Sox,36,2,2,14,1,3,21.4
5/6/2025,Boston Red Sox,37,0,0,14,0,3,21.4
5/7/2025,Boston Red Sox,38,1,1,15,1,4,26.7
5/8/2025,Boston Red Sox,39,0,0,15,0,4,26.7
5/9/2025,Boston Red Sox,40,2,1,17,1,5,29.4
5/10/2025,Boston Red Sox,41,0,0,17,0,5,29.4
5/11/2025,Boston Red Sox,42,0,0,17,0,5,29.4
5/12/2025,Boston Red Sox,43,0,0,17,0,5,29.4
3/18/2025,Chicago Cubs,1,2,0,2,0,0,0
3/19/2025,Chicago Cubs,2,2,2,4,1,1,25
3/28/2025,Chicago Cubs,3,1,2,5,1,2,40
3/29/2025,Chicago Cubs,4,0,0,5,0,2,40
3/30/2025,Chicago Cubs,5,5,10,10,1,3,30
3/30/2025,Chicago Cubs,6,0,0,10,0,3,30
4/1/2025,Chicago Cubs,7,0,0,10,0,3,30
4/2/2025,Chicago Cubs,8,0,0,10,0,3,30
4/2/2025,Chicago Cubs,9,0,0,10,0,3,30
4/4/2025,Chicago Cubs,10,0,0,10,0,3,30
4/5/2025,Chicago Cubs,11,0,0,10,0,3,30
4/6/2025,Chicago Cubs,12,0,0,10,0,3,30
4/7/2025,Chicago Cubs,13,0,0,10,0,3,30
4/8/2025,Chicago Cubs,14,0,0,10,0,3,30
4/9/2025,Chicago Cubs,15,0,0,10,0,3,30
4/12/2025,Chicago Cubs,16,0,0,10,0,3,30
4/13/2025,Chicago Cubs,17,0,0,10,0,3,30
4/13/2025,Chicago Cubs,18,0,0,10,0,3,30
4/15/2025,Chicago Cubs,19,2,7,12,1,4,33.3
4/16/2025,Chicago Cubs,20,3,2,15,1,5,33.3
4/16/2025,Chicago Cubs,21,0,0,15,0,5,33.3
4/18/2025,Chicago Cubs,22,0,0,15,0,5,33.3
4/19/2025,Chicago Cubs,23,2,0,17,0,5,29.4
4/20/2025,Chicago Cubs,24,2,0,19,0,5,26.3
4/22/2025,Chicago Cubs,25,0,0,19,0,5,26.3
4/23/2025,Chicago Cubs,26,1,2,20,1,6,30
4/25/2025,Chicago Cubs,27,0,0,20,0,6,30
4/26/2025,Chicago Cubs,28,0,0,20,0,6,30
4/27/2025,Chicago Cubs,29,2,2,22,1,7,31.8
4/29/2025,Chicago Cubs,30,0,0,22,0,7,31.8
4/30/2025,Chicago Cubs,31,1,0,23,0,7,30.4
5/1/2025,Chicago Cubs,32,0,0,23,0,7,30.4
5/3/2025,Chicago Cubs,33,0,0,23,0,7,30.4
5/3/2025,Chicago Cubs,34,0,0,23,0,7,30.4
5/4/2025,Chicago Cubs,35,1,0,24,0,7,29.2
5/5/2025,Chicago Cubs,36,0,0,24,0,7,29.2
5/6/2025,Chicago Cubs,37,1,2,25,1,8,32
5/7/2025,Chicago Cubs,38,0,0,25,0,8,32
5/9/2025,Chicago Cubs,39,0,0,25,0,8,32
5/10/2025,Chicago Cubs,40,0,0,25,0,8,32
5/11/2025,Chicago Cubs,41,0,0,25,0,8,32
5/12/2025,Chicago Cubs,42,1,2,26,1,9,34.6
3/27/2025,Chicago White Sox,1,0,0,0,0,0,NA
3/29/2025,Chicago White Sox,2,0,0,0,0,0,NA
3/30/2025,Chicago White Sox,3,0,0,0,0,0,NA
3/31/2025,Chicago White Sox,4,1,0,1,0,0,0
4/1/2025,Chicago White Sox,5,0,0,1,0,0,0
4/2/2025,Chicago White Sox,6,0,0,1,0,0,0
4/4/2025,Chicago White Sox,7,0,0,1,0,0,0
4/5/2025,Chicago White Sox,8,0,0,1,0,0,0
4/6/2025,Chicago White Sox,9,0,0,1,0,0,0
4/8/2025,Chicago White Sox,10,1,0,2,0,0,0
4/9/2025,Chicago White Sox,11,1,2,3,1,1,33.3
4/10/2025,Chicago White Sox,12,0,0,3,0,1,33.3
4/11/2025,Chicago White Sox,13,0,0,3,0,1,33.3
4/12/2025,Chicago White Sox,14,0,0,3,0,1,33.3
4/13/2025,Chicago White Sox,15,1,0,4,0,1,25
4/15/2025,Chicago White Sox,16,0,0,4,0,1,25
4/16/2025,Chicago White Sox,17,0,0,4,0,1,25
4/17/2025,Chicago White Sox,18,0,0,4,0,1,25
4/18/2025,Chicago White Sox,19,1,3,5,1,2,40
4/19/2025,Chicago White Sox,20,0,0,5,0,2,40
4/20/2025,Chicago White Sox,21,0,0,5,0,2,40
4/21/2025,Chicago White Sox,22,0,0,5,0,2,40
4/22/2025,Chicago White Sox,23,3,3,8,1,3,37.5
4/23/2025,Chicago White Sox,24,2,2,10,1,4,40
4/24/2025,Chicago White Sox,25,1,0,11,0,4,36.4
4/26/2025,Chicago White Sox,26,1,0,12,0,4,33.3
4/26/2025,Chicago White Sox,27,0,0,12,0,4,33.3
4/27/2025,Chicago White Sox,28,1,0,13,0,4,30.8
4/29/2025,Chicago White Sox,29,1,0,14,0,4,28.6
4/30/2025,Chicago White Sox,30,0,0,14,0,4,28.6
5/1/2025,Chicago White Sox,31,0,0,14,0,4,28.6
5/2/2025,Chicago White Sox,32,1,0,15,0,4,26.7
5/3/2025,Chicago White Sox,33,0,0,15,0,4,26.7
5/4/2025,Chicago White Sox,34,0,0,15,0,4,26.7
5/5/2025,Chicago White Sox,35,0,0,15,0,4,26.7
5/6/2025,Chicago White Sox,36,3,2,18,1,5,27.8
5/7/2025,Chicago White Sox,37,0,0,18,0,5,27.8
5/8/2025,Chicago White Sox,38,0,0,18,0,5,27.8
5/9/2025,Chicago White Sox,39,0,0,18,0,5,27.8
5/10/2025,Chicago White Sox,40,0,0,18,0,5,27.8
5/11/2025,Chicago White Sox,41,0,0,18,0,5,27.8
3/27/2025,Cincinnati Reds,1,0,0,0,0,0,NA
3/29/2025,Cincinnati Reds,2,0,0,0,0,0,NA
3/30/2025,Cincinnati Reds,3,0,0,0,0,0,NA
3/31/2025,Cincinnati Reds,4,1,1,1,1,1,100
4/1/2025,Cincinnati Reds,5,0,0,1,0,1,100
4/2/2025,Cincinnati Reds,6,0,0,1,0,1,100
4/3/2025,Cincinnati Reds,7,0,0,1,0,1,100
4/5/2025,Cincinnati Reds,8,0,0,1,0,1,100
4/5/2025,Cincinnati Reds,9,1,0,2,0,1,50
4/6/2025,Cincinnati Reds,10,1,0,3,0,1,33.3
4/8/2025,Cincinnati Reds,11,0,0,3,0,1,33.3
4/9/2025,Cincinnati Reds,12,1,1,4,1,2,50
4/9/2025,Cincinnati Reds,13,1,0,5,0,2,40
4/11/2025,Cincinnati Reds,14,0,0,5,0,2,40
4/12/2025,Cincinnati Reds,15,1,1,6,1,3,50
4/13/2025,Cincinnati Reds,16,0,0,6,0,3,50
4/15/2025,Cincinnati Reds,17,1,0,7,0,3,42.9
4/16/2025,Cincinnati Reds,18,0,0,7,0,3,42.9
4/17/2025,Cincinnati Reds,19,1,2,8,1,4,50
4/18/2025,Cincinnati Reds,20,1,0,9,0,4,44.4
4/19/2025,Cincinnati Reds,21,0,0,9,0,4,44.4
4/20/2025,Cincinnati Reds,22,1,0,10,0,4,40
4/21/2025,Cincinnati Reds,23,0,0,10,0,4,40
4/22/2025,Cincinnati Reds,24,0,0,10,0,4,40
4/23/2025,Cincinnati Reds,25,0,0,10,0,4,40
4/26/2025,Cincinnati Reds,26,0,0,10,0,4,40
4/26/2025,Cincinnati Reds,27,1,0,11,0,4,36.4
4/27/2025,Cincinnati Reds,28,1,0,12,0,4,33.3
4/28/2025,Cincinnati Reds,29,0,0,12,0,4,33.3
4/30/2025,Cincinnati Reds,30,0,0,12,0,4,33.3
4/30/2025,Cincinnati Reds,31,2,0,14,0,4,28.6
5/1/2025,Cincinnati Reds,32,1,0,15,0,4,26.7
5/2/2025,Cincinnati Reds,33,1,0,16,0,4,25
5/3/2025,Cincinnati Reds,34,0,0,16,0,4,25
5/4/2025,Cincinnati Reds,35,0,0,16,0,4,25
5/5/2025,Cincinnati Reds,36,1,0,17,0,4,23.5
5/6/2025,Cincinnati Reds,37,0,0,17,0,4,23.5
5/7/2025,Cincinnati Reds,38,0,0,17,0,4,23.5
5/8/2025,Cincinnati Reds,39,0,0,17,0,4,23.5
5/10/2025,Cincinnati Reds,40,0,0,17,0,4,23.5
5/10/2025,Cincinnati Reds,41,0,0,17,0,4,23.5
5/11/2025,Cincinnati Reds,42,0,0,17,0,4,23.5
3/27/2025,Cleveland Guardians,1,0,0,0,0,0,NA
3/29/2025,Cleveland Guardians,2,0,0,0,0,0,NA
3/30/2025,Cleveland Guardians,3,0,0,0,0,0,NA
4/1/2025,Cleveland Guardians,4,0,0,0,0,0,NA
4/2/2025,Cleveland Guardians,5,0,0,0,0,0,NA
4/2/2025,Cleveland Guardians,6,0,0,0,0,0,NA
4/5/2025,Cleveland Guardians,7,1,3,1,1,1,100
4/6/2025,Cleveland Guardians,8,0,0,1,0,1,100
4/6/2025,Cleveland Guardians,9,0,0,1,0,1,100
4/8/2025,Cleveland Guardians,10,2,0,3,0,1,33.3
4/9/2025,Cleveland Guardians,11,0,0,3,0,1,33.3
4/10/2025,Cleveland Guardians,12,0,0,3,0,1,33.3
4/11/2025,Cleveland Guardians,13,2,0,5,0,1,20
4/12/2025,Cleveland Guardians,14,0,0,5,0,1,20
4/13/2025,Cleveland Guardians,15,0,0,5,0,1,20
4/15/2025,Cleveland Guardians,16,1,0,6,0,1,16.7
4/16/2025,Cleveland Guardians,17,2,4,8,1,2,25
4/17/2025,Cleveland Guardians,18,1,3,9,1,3,33.3
4/18/2025,Cleveland Guardians,19,0,0,9,0,3,33.3
4/19/2025,Cleveland Guardians,20,1,0,10,0,3,30
4/20/2025,Cleveland Guardians,21,2,3,12,1,4,33.3
4/21/2025,Cleveland Guardians,22,0,0,12,0,4,33.3
4/22/2025,Cleveland Guardians,23,1,0,13,0,4,30.8
4/23/2025,Cleveland Guardians,24,0,0,13,0,4,30.8
4/26/2025,Cleveland Guardians,25,0,0,13,0,4,30.8
4/26/2025,Cleveland Guardians,26,1,0,14,0,4,28.6
4/27/2025,Cleveland Guardians,27,0,0,14,0,4,28.6
4/28/2025,Cleveland Guardians,28,0,0,14,0,4,28.6
4/29/2025,Cleveland Guardians,29,0,0,14,0,4,28.6
4/30/2025,Cleveland Guardians,30,0,0,14,0,4,28.6
5/1/2025,Cleveland Guardians,31,0,0,14,0,4,28.6
5/2/2025,Cleveland Guardians,32,2,2,16,1,5,31.2
5/3/2025,Cleveland Guardians,33,1,0,17,0,5,29.4
5/4/2025,Cleveland Guardians,34,1,0,18,0,5,27.8
5/6/2025,Cleveland Guardians,35,2,6,20,1,6,30
5/6/2025,Cleveland Guardians,36,1,0,21,0,6,28.6
5/7/2025,Cleveland Guardians,37,1,0,22,0,6,27.3
5/9/2025,Cleveland Guardians,38,0,0,22,0,6,27.3
5/10/2025,Cleveland Guardians,39,0,0,22,0,6,27.3
5/11/2025,Cleveland Guardians,40,0,0,22,0,6,27.3
5/12/2025,Cleveland Guardians,41,0,0,22,0,6,27.3
3/28/2025,Colorado Rockies,1,0,0,0,0,0,NA
3/29/2025,Colorado Rockies,2,0,0,0,0,0,NA
3/30/2025,Colorado Rockies,3,1,0,1,0,0,0
3/31/2025,Colorado Rockies,4,0,0,1,0,0,0
4/2/2025,Colorado Rockies,5,0,0,1,0,0,0
4/3/2025,Colorado Rockies,6,0,0,1,0,0,0
4/4/2025,Colorado Rockies,7,1,3,2,1,1,50
4/6/2025,Colorado Rockies,8,0,0,2,0,1,50
4/6/2025,Colorado Rockies,9,2,3,4,1,2,50
4/9/2025,Colorado Rockies,10,0,0,4,0,2,50
4/10/2025,Colorado Rockies,11,2,0,6,0,2,33.3
4/10/2025,Colorado Rockies,12,2,7,8,1,3,37.5
4/12/2025,Colorado Rockies,13,0,0,8,0,3,37.5
4/13/2025,Colorado Rockies,14,2,0,10,0,3,30
4/13/2025,Colorado Rockies,15,1,0,11,0,3,27.3
4/15/2025,Colorado Rockies,16,0,0,11,0,3,27.3
4/16/2025,Colorado Rockies,17,2,5,13,1,4,30.8
4/17/2025,Colorado Rockies,18,0,0,13,0,4,30.8
4/19/2025,Colorado Rockies,19,1,2,14,1,5,35.7
4/20/2025,Colorado Rockies,20,0,0,14,0,5,35.7
4/21/2025,Colorado Rockies,21,0,0,14,0,5,35.7
4/22/2025,Colorado Rockies,22,0,0,14,0,5,35.7
4/24/2025,Colorado Rockies,23,0,0,14,0,5,35.7
4/24/2025,Colorado Rockies,24,0,0,14,0,5,35.7
4/26/2025,Colorado Rockies,25,1,2,15,1,6,40
4/26/2025,Colorado Rockies,26,0,0,15,0,6,40
4/27/2025,Colorado Rockies,27,0,0,15,0,6,40
4/29/2025,Colorado Rockies,28,0,0,15,0,6,40
4/30/2025,Colorado Rockies,29,1,1,16,1,7,43.8
4/30/2025,Colorado Rockies,30,0,0,16,0,7,43.8
5/2/2025,Colorado Rockies,31,0,0,16,0,7,43.8
5/3/2025,Colorado Rockies,32,2,5,18,1,8,44.4
5/3/2025,Colorado Rockies,33,0,0,18,0,8,44.4
5/4/2025,Colorado Rockies,34,0,0,18,0,8,44.4
5/8/2025,Colorado Rockies,35,0,0,18,0,8,44.4
5/8/2025,Colorado Rockies,36,2,6,20,1,9,45
5/8/2025,Colorado Rockies,37,1,0,21,0,9,42.9
5/10/2025,Colorado Rockies,38,0,0,21,0,9,42.9
5/11/2025,Colorado Rockies,39,0,0,21,0,9,42.9
5/11/2025,Colorado Rockies,40,0,0,21,0,9,42.9
5/13/2025,Colorado Rockies,41,2,2,23,1,10,43.5
3/27/2025,Detroit Tigers,1,0,0,0,0,0,NA
3/29/2025,Detroit Tigers,2,2,0,2,0,0,0
3/30/2025,Detroit Tigers,3,0,0,2,0,0,0
4/1/2025,Detroit Tigers,4,0,0,2,0,0,0
4/2/2025,Detroit Tigers,5,0,0,2,0,0,0
4/2/2025,Detroit Tigers,6,2,1,4,1,1,25
4/4/2025,Detroit Tigers,7,0,0,4,0,1,25
4/5/2025,Detroit Tigers,8,1,0,5,0,1,20
4/6/2025,Detroit Tigers,9,0,0,5,0,1,20
4/7/2025,Detroit Tigers,10,0,0,5,0,1,20
4/8/2025,Detroit Tigers,11,0,0,5,0,1,20
4/9/2025,Detroit Tigers,12,1,0,6,0,1,16.7
4/12/2025,Detroit Tigers,13,0,0,6,0,1,16.7
4/12/2025,Detroit Tigers,14,2,1,8,1,2,25
4/13/2025,Detroit Tigers,15,0,0,8,0,2,25
4/14/2025,Detroit Tigers,16,0,0,8,0,2,25
4/15/2025,Detroit Tigers,17,1,0,9,0,2,22.2
4/16/2025,Detroit Tigers,18,0,0,9,0,2,22.2
4/17/2025,Detroit Tigers,19,0,0,9,0,2,22.2
4/18/2025,Detroit Tigers,20,0,0,9,0,2,22.2
4/19/2025,Detroit Tigers,21,0,0,9,0,2,22.2
4/20/2025,Detroit Tigers,22,0,0,9,0,2,22.2
4/21/2025,Detroit Tigers,23,0,0,9,0,2,22.2
4/22/2025,Detroit Tigers,24,0,0,9,0,2,22.2
4/23/2025,Detroit Tigers,25,0,0,9,0,2,22.2
4/26/2025,Detroit Tigers,26,0,0,9,0,2,22.2
4/26/2025,Detroit Tigers,27,2,0,11,0,2,18.2
4/27/2025,Detroit Tigers,28,1,0,12,0,2,16.7
4/29/2025,Detroit Tigers,29,0,0,12,0,2,16.7
4/30/2025,Detroit Tigers,30,2,2,14,1,3,21.4
4/30/2025,Detroit Tigers,31,0,0,14,0,3,21.4
5/2/2025,Detroit Tigers,32,0,0,14,0,3,21.4
5/3/2025,Detroit Tigers,33,0,0,14,0,3,21.4
5/4/2025,Detroit Tigers,34,0,0,14,0,3,21.4
5/4/2025,Detroit Tigers,35,0,0,14,0,3,21.4
5/8/2025,Detroit Tigers,36,0,0,14,0,3,21.4
5/8/2025,Detroit Tigers,37,2,2,16,1,4,25
5/8/2025,Detroit Tigers,38,1,0,17,0,4,23.5
5/9/2025,Detroit Tigers,39,0,0,17,0,4,23.5
5/10/2025,Detroit Tigers,40,2,4,19,1,5,26.3
5/11/2025,Detroit Tigers,41,0,0,19,0,5,26.3
5/12/2025,Detroit Tigers,42,0,0,19,0,5,26.3
3/27/2025,Houston Astros,1,0,0,0,0,0,NA
3/29/2025,Houston Astros,2,1,0,1,0,0,0
3/29/2025,Houston Astros,3,3,1,4,1,1,25
4/1/2025,Houston Astros,4,2,4,6,1,2,33.3
4/2/2025,Houston Astros,5,1,0,7,0,2,28.6
4/2/2025,Houston Astros,6,2,2,9,1,3,33.3
4/3/2025,Houston Astros,7,0,0,9,0,3,33.3
4/5/2025,Houston Astros,8,1,0,10,0,3,30
4/6/2025,Houston Astros,9,0,0,10,0,3,30
4/8/2025,Houston Astros,10,1,2,11,1,4,36.4
4/9/2025,Houston Astros,11,0,0,11,0,4,36.4
4/9/2025,Houston Astros,12,0,0,11,0,4,36.4
4/12/2025,Houston Astros,13,0,0,11,0,4,36.4
4/12/2025,Houston Astros,14,0,0,11,0,4,36.4
4/13/2025,Houston Astros,15,0,0,11,0,4,36.4
4/14/2025,Houston Astros,16,1,0,12,0,4,33.3
4/15/2025,Houston Astros,17,1,0,13,0,4,30.8
4/16/2025,Houston Astros,18,0,0,13,0,4,30.8
4/19/2025,Houston Astros,19,1,0,14,0,4,28.6
4/19/2025,Houston Astros,20,0,0,14,0,4,28.6
4/20/2025,Houston Astros,21,0,0,14,0,4,28.6
4/22/2025,Houston Astros,22,0,0,14,0,4,28.6
4/23/2025,Houston Astros,23,0,0,14,0,4,28.6
4/23/2025,Houston Astros,24,0,0,14,0,4,28.6
4/25/2025,Houston Astros,25,0,0,14,0,4,28.6
4/26/2025,Houston Astros,26,1,1,15,1,5,33.3
4/27/2025,Houston Astros,27,0,0,15,0,5,33.3
4/29/2025,Houston Astros,28,1,2,16,1,6,37.5
4/30/2025,Houston Astros,29,0,0,16,0,6,37.5
4/30/2025,Houston Astros,30,2,1,18,1,7,38.9
5/2/2025,Houston Astros,31,1,3,19,1,8,42.1
5/3/2025,Houston Astros,32,0,0,19,0,8,42.1
5/4/2025,Houston Astros,33,1,2,20,1,9,45
5/5/2025,Houston Astros,34,0,0,20,0,9,45
5/6/2025,Houston Astros,35,0,0,20,0,9,45
5/7/2025,Houston Astros,36,1,0,21,0,9,42.9
5/10/2025,Houston Astros,37,0,0,21,0,9,42.9
5/10/2025,Houston Astros,38,1,0,22,0,9,40.9
5/11/2025,Houston Astros,39,1,0,23,0,9,39.1
5/13/2025,Houston Astros,40,0,0,23,0,9,39.1
3/27/2025,Kansas City Royals,1,0,0,0,0,0,NA
3/29/2025,Kansas City Royals,2,2,1,2,1,1,50
3/30/2025,Kansas City Royals,3,0,0,2,0,1,50
3/31/2025,Kansas City Royals,4,0,0,2,0,1,50
4/1/2025,Kansas City Royals,5,1,2,3,1,2,66.7
4/2/2025,Kansas City Royals,6,1,0,4,0,2,50
4/4/2025,Kansas City Royals,7,1,2,5,1,3,60
4/5/2025,Kansas City Royals,8,1,0,6,0,3,50
4/6/2025,Kansas City Royals,9,0,0,6,0,3,50
4/7/2025,Kansas City Royals,10,1,0,7,0,3,42.9
4/8/2025,Kansas City Royals,11,0,0,7,0,3,42.9
4/9/2025,Kansas City Royals,12,0,0,7,0,3,42.9
4/10/2025,Kansas City Royals,13,1,0,8,0,3,37.5
4/11/2025,Kansas City Royals,14,1,3,9,1,4,44.4
4/12/2025,Kansas City Royals,15,1,3,10,1,5,50
4/13/2025,Kansas City Royals,16,0,0,10,0,5,50
4/14/2025,Kansas City Royals,17,0,0,10,0,5,50
4/15/2025,Kansas City Royals,18,0,0,10,0,5,50
4/16/2025,Kansas City Royals,19,2,0,12,0,5,41.7
4/17/2025,Kansas City Royals,20,0,0,12,0,5,41.7
4/18/2025,Kansas City Royals,21,2,4,14,1,6,42.9
4/19/2025,Kansas City Royals,22,1,0,15,0,6,40
4/20/2025,Kansas City Royals,23,0,0,15,0,6,40
4/22/2025,Kansas City Royals,24,2,0,17,0,6,35.3
4/24/2025,Kansas City Royals,25,0,0,17,0,6,35.3
4/24/2025,Kansas City Royals,26,0,0,17,0,6,35.3
4/25/2025,Kansas City Royals,27,1,0,18,0,6,33.3
4/26/2025,Kansas City Royals,28,0,0,18,0,6,33.3
4/27/2025,Kansas City Royals,29,0,0,18,0,6,33.3
4/29/2025,Kansas City Royals,30,0,0,18,0,6,33.3
4/30/2025,Kansas City Royals,31,0,0,18,0,6,33.3
5/1/2025,Kansas City Royals,32,0,0,18,0,6,33.3
5/2/2025,Kansas City Royals,33,0,0,18,0,6,33.3
5/3/2025,Kansas City Royals,34,1,0,19,0,6,31.6
5/4/2025,Kansas City Royals,35,0,0,19,0,6,31.6
5/5/2025,Kansas City Royals,36,0,0,19,0,6,31.6
5/6/2025,Kansas City Royals,37,2,0,21,0,6,28.6
5/7/2025,Kansas City Royals,38,0,0,21,0,6,28.6
5/8/2025,Kansas City Royals,39,0,0,21,0,6,28.6
5/9/2025,Kansas City Royals,40,0,0,21,0,6,28.6
5/10/2025,Kansas City Royals,41,0,0,21,0,6,28.6
5/11/2025,Kansas City Royals,42,0,0,21,0,6,28.6
5/13/2025,Kansas City Royals,43,0,0,21,0,6,28.6
3/27/2025,Los Angeles Angels,1,0,0,0,0,0,NA
3/29/2025,Los Angeles Angels,2,0,0,0,0,0,NA
3/30/2025,Los Angeles Angels,3,0,0,0,0,0,NA
3/31/2025,Los Angeles Angels,4,1,0,1,0,0,0
4/1/2025,Los Angeles Angels,5,1,3,2,1,1,50
4/2/2025,Los Angeles Angels,6,1,0,3,0,1,33.3
4/5/2025,Los Angeles Angels,7,1,2,4,1,2,50
4/6/2025,Los Angeles Angels,8,0,0,4,0,2,50
4/6/2025,Los Angeles Angels,9,0,0,4,0,2,50
4/8/2025,Los Angeles Angels,10,0,0,4,0,2,50
4/9/2025,Los Angeles Angels,11,0,0,4,0,2,50
4/10/2025,Los Angeles Angels,12,1,0,5,0,2,40
4/12/2025,Los Angeles Angels,13,0,0,5,0,2,40
4/12/2025,Los Angeles Angels,14,1,0,6,0,2,33.3
4/13/2025,Los Angeles Angels,15,3,6,9,1,3,33.3
4/16/2025,Los Angeles Angels,16,2,0,11,0,3,27.3
4/17/2025,Los Angeles Angels,17,0,0,11,0,3,27.3
4/18/2025,Los Angeles Angels,18,0,0,11,0,3,27.3
4/19/2025,Los Angeles Angels,19,0,0,11,0,3,27.3
4/20/2025,Los Angeles Angels,20,0,0,11,0,3,27.3
4/20/2025,Los Angeles Angels,21,0,0,11,0,3,27.3
4/23/2025,Los Angeles Angels,22,2,3,13,1,4,30.8
4/24/2025,Los Angeles Angels,23,1,1,14,1,5,35.7
4/25/2025,Los Angeles Angels,24,0,0,14,0,5,35.7
4/25/2025,Los Angeles Angels,25,0,0,14,0,5,35.7
4/26/2025,Los Angeles Angels,26,2,1,16,1,6,37.5
4/27/2025,Los Angeles Angels,27,1,1,17,1,7,41.2
4/30/2025,Los Angeles Angels,28,0,0,17,0,7,41.2
4/30/2025,Los Angeles Angels,29,1,0,18,0,7,38.9
5/2/2025,Los Angeles Angels,30,1,3,19,1,8,42.1
5/3/2025,Los Angeles Angels,31,0,0,19,0,8,42.1
5/4/2025,Los Angeles Angels,32,0,0,19,0,8,42.1
5/4/2025,Los Angeles Angels,33,0,0,19,0,8,42.1
5/7/2025,Los Angeles Angels,34,0,0,19,0,8,42.1
5/8/2025,Los Angeles Angels,35,0,0,19,0,8,42.1
5/9/2025,Los Angeles Angels,36,0,0,19,0,8,42.1
5/10/2025,Los Angeles Angels,37,1,2,20,1,9,45
5/11/2025,Los Angeles Angels,38,0,0,20,0,9,45
5/11/2025,Los Angeles Angels,39,0,0,20,0,9,45
5/13/2025,Los Angeles Angels,40,0,0,20,0,9,45
3/18/2025,Los Angeles Dodgers,1,1,0,1,0,0,0
3/19/2025,Los Angeles Dodgers,2,1,0,2,0,0,0
3/27/2025,Los Angeles Dodgers,3,3,1,5,1,1,20
3/29/2025,Los Angeles Dodgers,4,1,0,6,0,1,16.7
3/30/2025,Los Angeles Dodgers,5,0,0,6,0,1,16.7
4/1/2025,Los Angeles Dodgers,6,3,0,9,0,1,11.1
4/2/2025,Los Angeles Dodgers,7,1,0,10,0,1,10
4/3/2025,Los Angeles Dodgers,8,1,0,11,0,1,9.1
4/4/2025,Los Angeles Dodgers,9,2,2,13,1,2,15.4
4/5/2025,Los Angeles Dodgers,10,2,0,15,0,2,13.3
4/6/2025,Los Angeles Dodgers,11,2,6,17,1,3,17.6
4/7/2025,Los Angeles Dodgers,12,0,0,17,0,3,17.6
4/8/2025,Los Angeles Dodgers,13,0,0,17,0,3,17.6
4/9/2025,Los Angeles Dodgers,14,0,0,17,0,3,17.6
4/12/2025,Los Angeles Dodgers,15,0,0,17,0,3,17.6
4/13/2025,Los Angeles Dodgers,16,0,0,17,0,3,17.6
4/13/2025,Los Angeles Dodgers,17,1,4,18,1,4,22.2
4/15/2025,Los Angeles Dodgers,18,0,0,18,0,4,22.2
4/16/2025,Los Angeles Dodgers,19,3,2,21,1,5,23.8
4/17/2025,Los Angeles Dodgers,20,0,0,21,0,5,23.8
4/19/2025,Los Angeles Dodgers,21,1,2,22,1,6,27.3
4/19/2025,Los Angeles Dodgers,22,0,0,22,0,6,27.3
4/20/2025,Los Angeles Dodgers,23,2,0,24,0,6,25
4/22/2025,Los Angeles Dodgers,24,0,0,24,0,6,25
4/23/2025,Los Angeles Dodgers,25,0,0,24,0,6,25
4/26/2025,Los Angeles Dodgers,26,0,0,24,0,6,25
4/27/2025,Los Angeles Dodgers,27,0,0,24,0,6,25
4/27/2025,Los Angeles Dodgers,28,1,0,25,0,6,24
4/29/2025,Los Angeles Dodgers,29,1,0,26,0,6,23.1
4/30/2025,Los Angeles Dodgers,30,0,0,26,0,6,23.1
4/30/2025,Los Angeles Dodgers,31,0,0,26,0,6,23.1
5/2/2025,Los Angeles Dodgers,32,0,0,26,0,6,23.1
5/3/2025,Los Angeles Dodgers,33,0,0,26,0,6,23.1
5/4/2025,Los Angeles Dodgers,34,1,2,27,1,7,25.9
5/5/2025,Los Angeles Dodgers,35,0,0,27,0,7,25.9
5/6/2025,Los Angeles Dodgers,36,1,0,28,0,7,25
5/7/2025,Los Angeles Dodgers,37,0,0,28,0,7,25
5/9/2025,Los Angeles Dodgers,38,1,4,29,1,8,27.6
5/10/2025,Los Angeles Dodgers,39,0,0,29,0,8,27.6
5/11/2025,Los Angeles Dodgers,40,0,0,29,0,8,27.6
5/11/2025,Los Angeles Dodgers,41,0,0,29,0,8,27.6
3/18/2025,MLB,1,3,0,3,0,0,0
3/19/2025,MLB,2,3,2,6,1,1,16.7
3/27/2025,MLB,3,18,17,24,7,8,33.3
3/28/2025,MLB,4,12,12,36,7,15,41.7
3/29/2025,MLB,5,22,17,58,5,20,34.5
3/30/2025,MLB,6,21,21,79,8,28,35.4
3/31/2025,MLB,7,15,13,94,6,34,36.2
4/1/2025,MLB,8,16,14,110,5,39,35.5
4/2/2025,MLB,9,19,9,129,6,45,34.9
4/3/2025,MLB,10,9,12,138,4,49,35.5
4/4/2025,MLB,11,11,17,149,7,56,37.6
4/5/2025,MLB,12,21,13,170,5,61,35.9
4/6/2025,MLB,13,11,14,181,5,66,36.5
4/7/2025,MLB,14,4,1,185,1,67,36.2
4/8/2025,MLB,15,12,6,197,4,71,36
4/9/2025,MLB,16,24,16,221,9,80,36.2
4/10/2025,MLB,17,10,8,231,2,82,35.5
4/11/2025,MLB,18,7,6,238,2,84,35.3
4/12/2025,MLB,19,18,13,256,6,90,35.2
4/13/2025,MLB,20,24,20,280,6,96,34.3
4/14/2025,MLB,21,9,8,289,3,99,34.3
4/15/2025,MLB,22,17,13,306,4,103,33.7
4/16/2025,MLB,23,24,13,330,4,107,32.4
4/17/2025,MLB,24,8,6,338,3,110,32.5
4/18/2025,MLB,25,20,16,358,5,115,32.1
4/19/2025,MLB,26,24,17,382,8,123,32.2
4/20/2025,MLB,27,14,10,396,3,126,31.8
4/21/2025,MLB,28,2,2,398,1,127,31.9
4/22/2025,MLB,29,13,8,411,4,131,31.9
4/23/2025,MLB,30,15,15,426,6,137,32.2
4/24/2025,MLB,31,5,1,431,1,138,32
4/25/2025,MLB,32,2,2,433,1,139,32.1
4/26/2025,MLB,33,22,16,455,7,146,32.1
4/27/2025,MLB,34,22,12,477,6,152,31.9
4/28/2025,MLB,35,1,3,478,1,153,32
4/29/2025,MLB,36,10,8,488,3,156,32
4/30/2025,MLB,37,24,16,512,11,167,32.6
5/1/2025,MLB,38,7,2,519,2,169,32.6
5/2/2025,MLB,39,11,15,530,6,175,33
5/3/2025,MLB,40,10,10,540,3,178,33
5/4/2025,MLB,41,23,14,563,8,186,33
5/5/2025,MLB,42,3,2,566,1,187,33
5/6/2025,MLB,43,27,32,593,12,199,33.6
5/7/2025,MLB,44,21,22,614,8,207,33.7
5/8/2025,MLB,45,13,16,627,5,212,33.8
5/9/2025,MLB,46,7,6,634,3,215,33.9
5/10/2025,MLB,47,15,10,649,5,220,33.9
5/11/2025,MLB,48,11,11,660,5,225,34.1
5/12/2025,MLB,49,7,6,667,4,229,34.3
5/13/2025,MLB,50,5,2,672,1,230,34.2
3/27/2025,Miami Marlins,1,2,0,2,0,0,0
3/28/2025,Miami Marlins,2,2,2,4,1,1,25
3/29/2025,Miami Marlins,3,2,1,6,1,2,33.3
3/30/2025,Miami Marlins,4,2,1,8,1,3,37.5
3/31/2025,Miami Marlins,5,0,0,8,0,3,37.5
4/1/2025,Miami Marlins,6,1,0,9,0,3,33.3
4/2/2025,Miami Marlins,7,2,2,11,1,4,36.4
4/4/2025,Miami Marlins,8,1,5,12,1,5,41.7
4/5/2025,Miami Marlins,9,1,0,13,0,5,38.5
4/7/2025,Miami Marlins,10,0,0,13,0,5,38.5
4/8/2025,Miami Marlins,11,0,0,13,0,5,38.5
4/9/2025,Miami Marlins,12,0,0,13,0,5,38.5
4/11/2025,Miami Marlins,13,1,3,14,1,6,42.9
4/12/2025,Miami Marlins,14,0,0,14,0,6,42.9
4/13/2025,Miami Marlins,15,3,1,17,1,7,41.2
4/15/2025,Miami Marlins,16,0,0,17,0,7,41.2
4/16/2025,Miami Marlins,17,0,0,17,0,7,41.2
4/17/2025,Miami Marlins,18,0,0,17,0,7,41.2
4/18/2025,Miami Marlins,19,1,4,18,1,8,44.4
4/19/2025,Miami Marlins,20,1,0,19,0,8,42.1
4/20/2025,Miami Marlins,21,0,0,19,0,8,42.1
4/21/2025,Miami Marlins,22,0,0,19,0,8,42.1
4/22/2025,Miami Marlins,23,0,0,19,0,8,42.1
4/23/2025,Miami Marlins,24,0,0,19,0,8,42.1
4/26/2025,Miami Marlins,25,1,0,20,0,8,40
4/27/2025,Miami Marlins,26,0,0,20,0,8,40
4/27/2025,Miami Marlins,27,2,2,22,1,9,40.9
4/29/2025,Miami Marlins,28,3,4,25,1,10,40
4/30/2025,Miami Marlins,29,1,3,26,1,11,42.3
4/30/2025,Miami Marlins,30,0,0,26,0,11,42.3
5/2/2025,Miami Marlins,31,1,3,27,1,12,44.4
5/3/2025,Miami Marlins,32,0,0,27,0,12,44.4
5/4/2025,Miami Marlins,33,0,0,27,0,12,44.4
5/5/2025,Miami Marlins,34,0,0,27,0,12,44.4
5/6/2025,Miami Marlins,35,2,1,29,1,13,44.8
5/7/2025,Miami Marlins,36,0,0,29,0,13,44.8
5/9/2025,Miami Marlins,37,0,0,29,0,13,44.8
5/10/2025,Miami Marlins,38,0,0,29,0,13,44.8
5/11/2025,Miami Marlins,39,0,0,29,0,13,44.8
5/12/2025,Miami Marlins,40,1,0,30,0,13,43.3
3/27/2025,Milwaukee Brewers,1,2,2,2,1,1,50
3/29/2025,Milwaukee Brewers,2,3,11,5,1,2,40
3/30/2025,Milwaukee Brewers,3,0,0,5,0,2,40
3/31/2025,Milwaukee Brewers,4,0,0,5,0,2,40
4/1/2025,Milwaukee Brewers,5,0,0,5,0,2,40
4/2/2025,Milwaukee Brewers,6,0,0,5,0,2,40
4/3/2025,Milwaukee Brewers,7,0,0,5,0,2,40
4/5/2025,Milwaukee Brewers,8,0,0,5,0,2,40
4/5/2025,Milwaukee Brewers,9,0,0,5,0,2,40
4/6/2025,Milwaukee Brewers,10,1,0,6,0,2,33.3
4/9/2025,Milwaukee Brewers,11,0,0,6,0,2,33.3
4/10/2025,Milwaukee Brewers,12,1,1,7,1,3,42.9
4/10/2025,Milwaukee Brewers,13,1,0,8,0,3,37.5
4/12/2025,Milwaukee Brewers,14,0,0,8,0,3,37.5
4/13/2025,Milwaukee Brewers,15,0,0,8,0,3,37.5
4/13/2025,Milwaukee Brewers,16,1,0,9,0,3,33.3
4/14/2025,Milwaukee Brewers,17,1,2,10,1,4,40
4/15/2025,Milwaukee Brewers,18,2,0,12,0,4,33.3
4/16/2025,Milwaukee Brewers,19,0,0,12,0,4,33.3
4/19/2025,Milwaukee Brewers,20,0,0,12,0,4,33.3
4/19/2025,Milwaukee Brewers,21,1,1,13,1,5,38.5
4/20/2025,Milwaukee Brewers,22,0,0,13,0,5,38.5
4/22/2025,Milwaukee Brewers,23,2,1,15,1,6,40
4/23/2025,Milwaukee Brewers,24,0,0,15,0,6,40
4/24/2025,Milwaukee Brewers,25,0,0,15,0,6,40
4/24/2025,Milwaukee Brewers,26,0,0,15,0,6,40
4/26/2025,Milwaukee Brewers,27,1,0,16,0,6,37.5
4/26/2025,Milwaukee Brewers,28,2,1,18,1,7,38.9
4/27/2025,Milwaukee Brewers,29,0,0,18,0,7,38.9
4/29/2025,Milwaukee Brewers,30,1,0,19,0,7,36.8
4/30/2025,Milwaukee Brewers,31,0,0,19,0,7,36.8
5/1/2025,Milwaukee Brewers,32,0,0,19,0,7,36.8
5/3/2025,Milwaukee Brewers,33,0,0,19,0,7,36.8
5/3/2025,Milwaukee Brewers,34,0,0,19,0,7,36.8
5/4/2025,Milwaukee Brewers,35,1,0,20,0,7,35
5/5/2025,Milwaukee Brewers,36,0,0,20,0,7,35
5/6/2025,Milwaukee Brewers,37,0,0,20,0,7,35
5/7/2025,Milwaukee Brewers,38,3,5,23,1,8,34.8
5/9/2025,Milwaukee Brewers,39,0,0,23,0,8,34.8
5/10/2025,Milwaukee Brewers,40,1,0,24,0,8,33.3
5/11/2025,Milwaukee Brewers,41,1,0,25,0,8,32
5/12/2025,Milwaukee Brewers,42,2,2,27,1,9,33.3
3/27/2025,Minnesota Twins,1,0,0,0,0,0,NA
3/29/2025,Minnesota Twins,2,0,0,0,0,0,NA
3/30/2025,Minnesota Twins,3,0,0,0,0,0,NA
3/31/2025,Minnesota Twins,4,3,2,3,1,1,33.3
4/1/2025,Minnesota Twins,5,0,0,3,0,1,33.3
4/2/2025,Minnesota Twins,6,0,0,3,0,1,33.3
4/3/2025,Minnesota Twins,7,0,0,3,0,1,33.3
4/5/2025,Minnesota Twins,8,1,0,4,0,1,25
4/6/2025,Minnesota Twins,9,0,0,4,0,1,25
4/7/2025,Minnesota Twins,10,0,0,4,0,1,25
4/8/2025,Minnesota Twins,11,1,0,5,0,1,20
4/9/2025,Minnesota Twins,12,0,0,5,0,1,20
4/10/2025,Minnesota Twins,13,0,0,5,0,1,20
4/12/2025,Minnesota Twins,14,0,0,5,0,1,20
4/12/2025,Minnesota Twins,15,1,4,6,1,2,33.3
4/13/2025,Minnesota Twins,16,0,0,6,0,2,33.3
4/14/2025,Minnesota Twins,17,0,0,6,0,2,33.3
4/15/2025,Minnesota Twins,18,0,0,6,0,2,33.3
4/16/2025,Minnesota Twins,19,1,0,7,0,2,28.6
4/18/2025,Minnesota Twins,20,1,0,8,0,2,25
4/19/2025,Minnesota Twins,21,0,0,8,0,2,25
4/20/2025,Minnesota Twins,22,0,0,8,0,2,25
4/22/2025,Minnesota Twins,23,0,0,8,0,2,25
4/23/2025,Minnesota Twins,24,3,3,11,1,3,27.3
4/24/2025,Minnesota Twins,25,0,0,11,0,3,27.3
4/25/2025,Minnesota Twins,26,0,0,11,0,3,27.3
4/26/2025,Minnesota Twins,27,0,0,11,0,3,27.3
4/27/2025,Minnesota Twins,28,0,0,11,0,3,27.3
4/28/2025,Minnesota Twins,29,0,0,11,0,3,27.3
4/29/2025,Minnesota Twins,30,0,0,11,0,3,27.3
4/30/2025,Minnesota Twins,31,0,0,11,0,3,27.3
5/1/2025,Minnesota Twins,32,3,0,14,0,3,21.4
5/2/2025,Minnesota Twins,33,0,0,14,0,3,21.4
5/3/2025,Minnesota Twins,34,0,0,14,0,3,21.4
5/4/2025,Minnesota Twins,35,1,1,15,1,4,26.7
5/6/2025,Minnesota Twins,36,1,1,16,1,5,31.2
5/7/2025,Minnesota Twins,37,0,0,16,0,5,31.2
5/8/2025,Minnesota Twins,38,1,1,17,1,6,35.3
5/10/2025,Minnesota Twins,39,0,0,17,0,6,35.3
5/10/2025,Minnesota Twins,40,0,0,17,0,6,35.3
5/11/2025,Minnesota Twins,41,0,0,17,0,6,35.3
3/27/2025,New York Mets,1,1,2,1,1,1,100
3/29/2025,New York Mets,2,1,0,2,0,1,50
3/29/2025,New York Mets,3,2,0,4,0,1,25
3/31/2025,New York Mets,4,2,0,6,0,1,16.7
4/1/2025,New York Mets,5,0,0,6,0,1,16.7
4/2/2025,New York Mets,6,0,0,6,0,1,16.7
4/4/2025,New York Mets,7,0,0,6,0,1,16.7
4/5/2025,New York Mets,8,0,0,6,0,1,16.7
4/6/2025,New York Mets,9,0,0,6,0,1,16.7
4/7/2025,New York Mets,10,0,0,6,0,1,16.7
4/8/2025,New York Mets,11,0,0,6,0,1,16.7
4/9/2025,New York Mets,12,0,0,6,0,1,16.7
4/12/2025,New York Mets,13,0,0,6,0,1,16.7
4/12/2025,New York Mets,14,3,3,9,1,2,22.2
4/13/2025,New York Mets,15,0,0,9,0,2,22.2
4/14/2025,New York Mets,16,1,0,10,0,2,20
4/15/2025,New York Mets,17,0,0,10,0,2,20
4/16/2025,New York Mets,18,3,0,13,0,2,15.4
4/17/2025,New York Mets,19,1,0,14,0,2,14.3
4/18/2025,New York Mets,20,0,0,14,0,2,14.3
4/19/2025,New York Mets,21,2,0,16,0,2,12.5
4/20/2025,New York Mets,22,0,0,16,0,2,12.5
4/21/2025,New York Mets,23,1,0,17,0,2,11.8
4/22/2025,New York Mets,24,0,0,17,0,2,11.8
4/23/2025,New York Mets,25,2,0,19,0,2,10.5
4/25/2025,New York Mets,26,0,0,19,0,2,10.5
4/26/2025,New York Mets,27,0,0,19,0,2,10.5
4/27/2025,New York Mets,28,0,0,19,0,2,10.5
4/28/2025,New York Mets,29,0,0,19,0,2,10.5
4/29/2025,New York Mets,30,0,0,19,0,2,10.5
4/30/2025,New York Mets,31,1,2,20,1,3,15
5/1/2025,New York Mets,32,0,0,20,0,3,15
5/3/2025,New York Mets,33,0,0,20,0,3,15
5/4/2025,New York Mets,34,0,0,20,0,3,15
5/4/2025,New York Mets,35,0,0,20,0,3,15
5/6/2025,New York Mets,36,2,3,22,1,4,18.2
5/7/2025,New York Mets,37,3,0,25,0,4,16
5/7/2025,New York Mets,38,2,3,27,1,5,18.5
5/9/2025,New York Mets,39,0,0,27,0,5,18.5
5/10/2025,New York Mets,40,0,0,27,0,5,18.5
5/11/2025,New York Mets,41,1,1,28,1,6,21.4
5/12/2025,New York Mets,42,1,1,29,1,7,24.1
3/27/2025,New York Yankees,1,1,0,1,0,0,0
3/29/2025,New York Yankees,2,0,0,1,0,0,0
3/30/2025,New York Yankees,3,0,0,1,0,0,0
4/1/2025,New York Yankees,4,3,0,4,0,0,0
4/2/2025,New York Yankees,5,0,0,4,0,0,0
4/3/2025,New York Yankees,6,3,7,7,1,1,14.3
4/4/2025,New York Yankees,7,0,0,7,0,1,14.3
4/5/2025,New York Yankees,8,3,4,10,1,2,20
4/6/2025,New York Yankees,9,1,0,11,0,2,18.2
4/7/2025,New York Yankees,10,0,0,11,0,2,18.2
4/8/2025,New York Yankees,11,0,0,11,0,2,18.2
4/9/2025,New York Yankees,12,1,3,12,1,3,25
4/11/2025,New York Yankees,13,0,0,12,0,3,25
4/12/2025,New York Yankees,14,1,0,13,0,3,23.1
4/13/2025,New York Yankees,15,1,0,14,0,3,21.4
4/14/2025,New York Yankees,16,0,0,14,0,3,21.4
4/15/2025,New York Yankees,17,1,0,15,0,3,20
4/16/2025,New York Yankees,18,0,0,15,0,3,20
4/17/2025,New York Yankees,19,0,0,15,0,3,20
4/18/2025,New York Yankees,20,2,0,17,0,3,17.6
4/19/2025,New York Yankees,21,0,0,17,0,3,17.6
4/20/2025,New York Yankees,22,1,0,18,0,3,16.7
4/21/2025,New York Yankees,23,0,0,18,0,3,16.7
4/22/2025,New York Yankees,24,0,0,18,0,3,16.7
4/23/2025,New York Yankees,25,0,0,18,0,3,16.7
4/25/2025,New York Yankees,26,0,0,18,0,3,16.7
4/27/2025,New York Yankees,27,0,0,18,0,3,16.7
4/27/2025,New York Yankees,28,0,0,18,0,3,16.7
4/28/2025,New York Yankees,29,1,3,19,1,4,21.1
4/29/2025,New York Yankees,30,2,2,21,1,5,23.8
4/30/2025,New York Yankees,31,1,1,22,1,6,27.3
5/2/2025,New York Yankees,32,0,0,22,0,6,27.3
5/3/2025,New York Yankees,33,0,0,22,0,6,27.3
5/4/2025,New York Yankees,34,0,0,22,0,6,27.3
5/5/2025,New York Yankees,35,0,0,22,0,6,27.3
5/6/2025,New York Yankees,36,0,0,22,0,6,27.3
5/7/2025,New York Yankees,37,1,2,23,1,7,30.4
5/10/2025,New York Yankees,38,0,0,23,0,7,30.4
5/10/2025,New York Yankees,39,0,0,23,0,7,30.4
5/11/2025,New York Yankees,40,1,0,24,0,7,29.2
5/13/2025,New York Yankees,41,1,0,25,0,7,28
3/27/2025,Philadelphia Phillies,1,2,2,2,1,1,50
3/29/2025,Philadelphia Phillies,2,0,0,2,0,1,50
3/30/2025,Philadelphia Phillies,3,0,0,2,0,1,50
3/31/2025,Philadelphia Phillies,4,0,0,2,0,1,50
4/2/2025,Philadelphia Phillies,5,0,0,2,0,1,50
4/3/2025,Philadelphia Phillies,6,1,1,3,1,2,66.7
4/4/2025,Philadelphia Phillies,7,1,2,4,1,3,75
4/5/2025,Philadelphia Phillies,8,1,0,5,0,3,60
4/6/2025,Philadelphia Phillies,9,0,0,5,0,3,60
4/8/2025,Philadelphia Phillies,10,1,1,6,1,4,66.7
4/9/2025,Philadelphia Phillies,11,1,2,7,1,5,71.4
4/10/2025,Philadelphia Phillies,12,0,0,7,0,5,71.4
4/12/2025,Philadelphia Phillies,13,1,0,8,0,5,62.5
4/12/2025,Philadelphia Phillies,14,2,0,10,0,5,50
4/13/2025,Philadelphia Phillies,15,0,0,10,0,5,50
4/14/2025,Philadelphia Phillies,16,0,0,10,0,5,50
4/15/2025,Philadelphia Phillies,17,0,0,10,0,5,50
4/16/2025,Philadelphia Phillies,18,1,0,11,0,5,45.5
4/17/2025,Philadelphia Phillies,19,0,0,11,0,5,45.5
4/18/2025,Philadelphia Phillies,20,2,0,13,0,5,38.5
4/19/2025,Philadelphia Phillies,21,1,1,14,1,6,42.9
4/20/2025,Philadelphia Phillies,22,0,0,14,0,6,42.9
4/21/2025,Philadelphia Phillies,23,0,0,14,0,6,42.9
4/22/2025,Philadelphia Phillies,24,0,0,14,0,6,42.9
4/23/2025,Philadelphia Phillies,25,1,0,15,0,6,40
4/25/2025,Philadelphia Phillies,26,0,0,15,0,6,40
4/26/2025,Philadelphia Phillies,27,2,2,17,1,7,41.2
4/27/2025,Philadelphia Phillies,28,1,0,18,0,7,38.9
4/29/2025,Philadelphia Phillies,29,0,0,18,0,7,38.9
4/30/2025,Philadelphia Phillies,30,1,1,19,1,8,42.1
5/1/2025,Philadelphia Phillies,31,0,0,19,0,8,42.1
5/2/2025,Philadelphia Phillies,32,0,0,19,0,8,42.1
5/3/2025,Philadelphia Phillies,33,0,0,19,0,8,42.1
5/4/2025,Philadelphia Phillies,34,0,0,19,0,8,42.1
5/6/2025,Philadelphia Phillies,35,1,1,20,1,9,45
5/7/2025,Philadelphia Phillies,36,1,0,21,0,9,42.9
5/8/2025,Philadelphia Phillies,37,0,0,21,0,9,42.9
5/9/2025,Philadelphia Phillies,38,0,0,21,0,9,42.9
5/10/2025,Philadelphia Phillies,39,2,1,23,1,10,43.5
5/11/2025,Philadelphia Phillies,40,0,0,23,0,10,43.5
5/12/2025,Philadelphia Phillies,41,1,1,24,1,11,45.8
3/27/2025,Pittsburgh Pirates,1,1,2,1,1,1,100
3/28/2025,Pittsburgh Pirates,2,1,2,2,1,2,100
3/29/2025,Pittsburgh Pirates,3,0,0,2,0,2,100
3/30/2025,Pittsburgh Pirates,4,1,1,3,1,3,100
3/31/2025,Pittsburgh Pirates,5,1,1,4,1,4,100
4/1/2025,Pittsburgh Pirates,6,0,0,4,0,4,100
4/2/2025,Pittsburgh Pirates,7,1,1,5,1,5,100
4/4/2025,Pittsburgh Pirates,8,0,0,5,0,5,100
4/5/2025,Pittsburgh Pirates,9,0,0,5,0,5,100
4/6/2025,Pittsburgh Pirates,10,0,0,5,0,5,100
4/7/2025,Pittsburgh Pirates,11,0,0,5,0,5,100
4/8/2025,Pittsburgh Pirates,12,0,0,5,0,5,100
4/9/2025,Pittsburgh Pirates,13,0,0,5,0,5,100
4/11/2025,Pittsburgh Pirates,14,0,0,5,0,5,100
4/12/2025,Pittsburgh Pirates,15,1,0,6,0,5,83.3
4/13/2025,Pittsburgh Pirates,16,1,2,7,1,6,85.7
4/14/2025,Pittsburgh Pirates,17,0,0,7,0,6,85.7
4/15/2025,Pittsburgh Pirates,18,1,0,8,0,6,75
4/16/2025,Pittsburgh Pirates,19,0,0,8,0,6,75
4/17/2025,Pittsburgh Pirates,20,2,0,10,0,6,60
4/18/2025,Pittsburgh Pirates,21,0,0,10,0,6,60
4/19/2025,Pittsburgh Pirates,22,1,0,11,0,6,54.5
4/20/2025,Pittsburgh Pirates,23,0,0,11,0,6,54.5
4/23/2025,Pittsburgh Pirates,24,0,0,11,0,6,54.5
4/24/2025,Pittsburgh Pirates,25,0,0,11,0,6,54.5
4/25/2025,Pittsburgh Pirates,26,0,0,11,0,6,54.5
4/26/2025,Pittsburgh Pirates,27,0,0,11,0,6,54.5
4/27/2025,Pittsburgh Pirates,28,0,0,11,0,6,54.5
4/27/2025,Pittsburgh Pirates,29,0,0,11,0,6,54.5
4/29/2025,Pittsburgh Pirates,30,1,0,12,0,6,50
4/30/2025,Pittsburgh Pirates,31,0,0,12,0,6,50
5/1/2025,Pittsburgh Pirates,32,0,0,12,0,6,50
5/2/2025,Pittsburgh Pirates,33,0,0,12,0,6,50
5/3/2025,Pittsburgh Pirates,34,0,0,12,0,6,50
5/4/2025,Pittsburgh Pirates,35,0,0,12,0,6,50
5/5/2025,Pittsburgh Pirates,36,0,0,12,0,6,50
5/6/2025,Pittsburgh Pirates,37,1,0,13,0,6,46.2
5/7/2025,Pittsburgh Pirates,38,0,0,13,0,6,46.2
5/9/2025,Pittsburgh Pirates,39,1,0,14,0,6,42.9
5/10/2025,Pittsburgh Pirates,40,1,0,15,0,6,40
5/11/2025,Pittsburgh Pirates,41,0,0,15,0,6,40
5/12/2025,Pittsburgh Pirates,42,0,0,15,0,6,40
3/27/2025,San Diego Padres,1,0,0,0,0,0,NA
3/29/2025,San Diego Padres,2,0,0,0,0,0,NA
3/29/2025,San Diego Padres,3,1,0,1,0,0,0
3/30/2025,San Diego Padres,4,1,0,2,0,0,0
4/1/2025,San Diego Padres,5,0,0,2,0,0,0
4/2/2025,San Diego Padres,6,1,1,3,1,1,33.3
4/2/2025,San Diego Padres,7,0,0,3,0,1,33.3
4/4/2025,San Diego Padres,8,0,0,3,0,1,33.3
4/5/2025,San Diego Padres,9,0,0,3,0,1,33.3
4/6/2025,San Diego Padres,10,0,0,3,0,1,33.3
4/8/2025,San Diego Padres,11,1,0,4,0,1,25
4/9/2025,San Diego Padres,12,2,1,6,1,2,33.3
4/9/2025,San Diego Padres,13,2,3,8,1,3,37.5
4/12/2025,San Diego Padres,14,0,0,8,0,3,37.5
4/13/2025,San Diego Padres,15,0,0,8,0,3,37.5
4/13/2025,San Diego Padres,16,1,0,9,0,3,33.3
4/15/2025,San Diego Padres,17,1,0,10,0,3,30
4/16/2025,San Diego Padres,18,0,0,10,0,3,30
4/16/2025,San Diego Padres,19,0,0,10,0,3,30
4/19/2025,San Diego Padres,20,2,3,12,1,4,33.3
4/19/2025,San Diego Padres,21,1,1,13,1,5,38.5
4/20/2025,San Diego Padres,22,0,0,13,0,5,38.5
4/21/2025,San Diego Padres,23,0,0,13,0,5,38.5
4/22/2025,San Diego Padres,24,0,0,13,0,5,38.5
4/23/2025,San Diego Padres,25,0,0,13,0,5,38.5
4/26/2025,San Diego Padres,26,0,0,13,0,5,38.5
4/27/2025,San Diego Padres,27,0,0,13,0,5,38.5
4/27/2025,San Diego Padres,28,1,1,14,1,6,42.9
4/30/2025,San Diego Padres,29,0,0,14,0,6,42.9
4/30/2025,San Diego Padres,30,1,0,15,0,6,40
5/2/2025,San Diego Padres,31,0,0,15,0,6,40
5/3/2025,San Diego Padres,32,2,0,17,0,6,35.3
5/4/2025,San Diego Padres,33,1,0,18,0,6,33.3
5/5/2025,San Diego Padres,34,2,2,20,1,7,35
5/6/2025,San Diego Padres,35,1,0,21,0,7,33.3
5/7/2025,San Diego Padres,36,2,2,23,1,8,34.8
5/10/2025,San Diego Padres,37,0,0,23,0,8,34.8
5/11/2025,San Diego Padres,38,0,0,23,0,8,34.8
5/11/2025,San Diego Padres,39,0,0,23,0,8,34.8
5/13/2025,San Diego Padres,40,2,0,25,0,8,32
3/27/2025,San Francisco Giants,1,0,0,0,0,0,NA
3/29/2025,San Francisco Giants,2,0,0,0,0,0,NA
3/30/2025,San Francisco Giants,3,0,0,0,0,0,NA
4/1/2025,San Francisco Giants,4,0,0,0,0,0,NA
4/2/2025,San Francisco Giants,5,2,2,2,1,1,50
4/2/2025,San Francisco Giants,6,0,0,2,0,1,50
4/4/2025,San Francisco Giants,7,0,0,2,0,1,50
4/6/2025,San Francisco Giants,8,0,0,2,0,1,50
4/6/2025,San Francisco Giants,9,0,0,2,0,1,50
4/8/2025,San Francisco Giants,10,1,2,3,1,2,66.7
4/9/2025,San Francisco Giants,11,1,1,4,1,3,75
4/9/2025,San Francisco Giants,12,0,0,4,0,3,75
4/11/2025,San Francisco Giants,13,0,0,4,0,3,75
4/12/2025,San Francisco Giants,14,1,0,5,0,3,60
4/13/2025,San Francisco Giants,15,2,0,7,0,3,42.9
4/14/2025,San Francisco Giants,16,0,0,7,0,3,42.9
4/15/2025,San Francisco Giants,17,1,0,8,0,3,37.5
4/16/2025,San Francisco Giants,18,0,0,8,0,3,37.5
4/17/2025,San Francisco Giants,19,2,1,10,1,4,40
4/19/2025,San Francisco Giants,20,0,0,10,0,4,40
4/20/2025,San Francisco Giants,21,0,0,10,0,4,40
4/20/2025,San Francisco Giants,22,1,0,11,0,4,36.4
4/22/2025,San Francisco Giants,23,0,0,11,0,4,36.4
4/23/2025,San Francisco Giants,24,0,0,11,0,4,36.4
4/24/2025,San Francisco Giants,25,0,0,11,0,4,36.4
4/24/2025,San Francisco Giants,26,0,0,11,0,4,36.4
4/26/2025,San Francisco Giants,27,0,0,11,0,4,36.4
4/26/2025,San Francisco Giants,28,0,0,11,0,4,36.4
4/27/2025,San Francisco Giants,29,0,0,11,0,4,36.4
4/30/2025,San Francisco Giants,30,1,1,12,1,5,41.7
4/30/2025,San Francisco Giants,31,0,0,12,0,5,41.7
5/2/2025,San Francisco Giants,32,0,0,12,0,5,41.7
5/3/2025,San Francisco Giants,33,1,3,13,1,6,46.2
5/3/2025,San Francisco Giants,34,0,0,13,0,6,46.2
5/4/2025,San Francisco Giants,35,1,0,14,0,6,42.9
5/5/2025,San Francisco Giants,36,0,0,14,0,6,42.9
5/6/2025,San Francisco Giants,37,2,2,16,1,7,43.8
5/7/2025,San Francisco Giants,38,0,0,16,0,7,43.8
5/10/2025,San Francisco Giants,39,1,2,17,1,8,47.1
5/10/2025,San Francisco Giants,40,0,0,17,0,8,47.1
5/11/2025,San Francisco Giants,41,0,0,17,0,8,47.1
5/13/2025,San Francisco Giants,42,0,0,17,0,8,47.1
3/28/2025,Seattle Mariners,1,1,0,1,0,0,0
3/29/2025,Seattle Mariners,2,0,0,1,0,0,0
3/30/2025,Seattle Mariners,3,2,0,3,0,0,0
3/30/2025,Seattle Mariners,4,1,1,4,1,1,25
4/1/2025,Seattle Mariners,5,0,0,4,0,1,25
4/2/2025,Seattle Mariners,6,1,0,5,0,1,20
4/2/2025,Seattle Mariners,7,0,0,5,0,1,20
4/4/2025,Seattle Mariners,8,0,0,5,0,1,20
4/6/2025,Seattle Mariners,9,1,1,6,1,2,33.3
4/6/2025,Seattle Mariners,10,0,0,6,0,2,33.3
4/8/2025,Seattle Mariners,11,0,0,6,0,2,33.3
4/9/2025,Seattle Mariners,12,0,0,6,0,2,33.3
4/9/2025,Seattle Mariners,13,1,0,7,0,2,28.6
4/12/2025,Seattle Mariners,14,1,1,8,1,3,37.5
4/13/2025,Seattle Mariners,15,0,0,8,0,3,37.5
4/13/2025,Seattle Mariners,16,0,0,8,0,3,37.5
4/15/2025,Seattle Mariners,17,1,4,9,1,4,44.4
4/16/2025,Seattle Mariners,18,0,0,9,0,4,44.4
4/17/2025,Seattle Mariners,19,0,0,9,0,4,44.4
4/18/2025,Seattle Mariners,20,1,0,10,0,4,40
4/19/2025,Seattle Mariners,21,1,0,11,0,4,36.4
4/20/2025,Seattle Mariners,22,0,0,11,0,4,36.4
4/22/2025,Seattle Mariners,23,2,2,13,1,5,38.5
4/23/2025,Seattle Mariners,24,1,3,14,1,6,42.9
4/24/2025,Seattle Mariners,25,0,0,14,0,6,42.9
4/26/2025,Seattle Mariners,26,0,0,14,0,6,42.9
4/27/2025,Seattle Mariners,27,1,0,15,0,6,40
4/27/2025,Seattle Mariners,28,0,0,15,0,6,40
4/30/2025,Seattle Mariners,29,2,0,17,0,6,35.3
4/30/2025,Seattle Mariners,30,1,0,18,0,6,33.3
5/3/2025,Seattle Mariners,31,0,0,18,0,6,33.3
5/3/2025,Seattle Mariners,32,0,0,18,0,6,33.3
5/4/2025,Seattle Mariners,33,1,2,19,1,7,36.8
5/6/2025,Seattle Mariners,34,0,0,19,0,7,36.8
5/7/2025,Seattle Mariners,35,1,0,20,0,7,35
5/7/2025,Seattle Mariners,36,1,1,21,1,8,38.1
5/10/2025,Seattle Mariners,37,0,0,21,0,8,38.1
5/11/2025,Seattle Mariners,38,1,2,22,1,9,40.9
5/11/2025,Seattle Mariners,39,2,5,24,1,10,41.7
5/13/2025,Seattle Mariners,40,0,0,24,0,10,41.7
3/27/2025,St. Louis Cardinals,1,0,0,0,0,0,NA
3/29/2025,St. Louis Cardinals,2,0,0,0,0,0,NA
3/30/2025,St. Louis Cardinals,3,0,0,0,0,0,NA
3/31/2025,St. Louis Cardinals,4,2,3,2,1,1,50
4/1/2025,St. Louis Cardinals,5,1,3,3,1,2,66.7
4/2/2025,St. Louis Cardinals,6,0,0,3,0,2,66.7
4/4/2025,St. Louis Cardinals,7,1,2,4,1,3,75
4/6/2025,St. Louis Cardinals,8,0,0,4,0,3,75
4/6/2025,St. Louis Cardinals,9,0,0,4,0,3,75
4/7/2025,St. Louis Cardinals,10,0,0,4,0,3,75
4/8/2025,St. Louis Cardinals,11,0,0,4,0,3,75
4/9/2025,St. Louis Cardinals,12,5,1,9,1,4,44.4
4/12/2025,St. Louis Cardinals,13,0,0,9,0,4,44.4
4/12/2025,St. Louis Cardinals,14,0,0,9,0,4,44.4
4/13/2025,St. Louis Cardinals,15,0,0,9,0,4,44.4
4/14/2025,St. Louis Cardinals,16,1,3,10,1,5,50
4/15/2025,St. Louis Cardinals,17,0,0,10,0,5,50
4/16/2025,St. Louis Cardinals,18,0,0,10,0,5,50
4/17/2025,St. Louis Cardinals,19,0,0,10,0,5,50
4/18/2025,St. Louis Cardinals,20,2,0,12,0,5,41.7
4/19/2025,St. Louis Cardinals,21,0,0,12,0,5,41.7
4/20/2025,St. Louis Cardinals,22,0,0,12,0,5,41.7
4/21/2025,St. Louis Cardinals,23,1,2,13,1,6,46.2
4/22/2025,St. Louis Cardinals,24,0,0,13,0,6,46.2
4/23/2025,St. Louis Cardinals,25,0,0,13,0,6,46.2
4/26/2025,St. Louis Cardinals,26,0,0,13,0,6,46.2
4/26/2025,St. Louis Cardinals,27,0,0,13,0,6,46.2
4/27/2025,St. Louis Cardinals,28,0,0,13,0,6,46.2
4/28/2025,St. Louis Cardinals,29,0,0,13,0,6,46.2
4/30/2025,St. Louis Cardinals,30,0,0,13,0,6,46.2
4/30/2025,St. Louis Cardinals,31,0,0,13,0,6,46.2
5/1/2025,St. Louis Cardinals,32,0,0,13,0,6,46.2
5/3/2025,St. Louis Cardinals,33,0,0,13,0,6,46.2
5/4/2025,St. Louis Cardinals,34,3,3,16,1,7,43.8
5/4/2025,St. Louis Cardinals,35,0,0,16,0,7,43.8
5/5/2025,St. Louis Cardinals,36,0,0,16,0,7,43.8
5/6/2025,St. Louis Cardinals,37,2,1,18,1,8,44.4
5/7/2025,St. Louis Cardinals,38,0,0,18,0,8,44.4
5/9/2025,St. Louis Cardinals,39,0,0,18,0,8,44.4
5/10/2025,St. Louis Cardinals,40,0,0,18,0,8,44.4
5/11/2025,St. Louis Cardinals,41,1,0,19,0,8,42.1
5/12/2025,St. Louis Cardinals,42,0,0,19,0,8,42.1
3/28/2025,Tampa Bay Rays,1,1,0,1,0,0,0
3/29/2025,Tampa Bay Rays,2,0,0,1,0,0,0
3/30/2025,Tampa Bay Rays,3,0,0,1,0,0,0
3/31/2025,Tampa Bay Rays,4,0,0,1,0,0,0
4/1/2025,Tampa Bay Rays,5,0,0,1,0,0,0
4/2/2025,Tampa Bay Rays,6,0,0,1,0,0,0
4/5/2025,Tampa Bay Rays,7,0,0,1,0,0,0
4/5/2025,Tampa Bay Rays,8,1,0,2,0,0,0
4/6/2025,Tampa Bay Rays,9,1,0,3,0,0,0
4/8/2025,Tampa Bay Rays,10,2,1,5,1,1,20
4/9/2025,Tampa Bay Rays,11,0,0,5,0,1,20
4/10/2025,Tampa Bay Rays,12,0,0,5,0,1,20
4/11/2025,Tampa Bay Rays,13,0,0,5,0,1,20
4/12/2025,Tampa Bay Rays,14,0,0,5,0,1,20
4/13/2025,Tampa Bay Rays,15,0,0,5,0,1,20
4/14/2025,Tampa Bay Rays,16,0,0,5,0,1,20
4/15/2025,Tampa Bay Rays,17,1,1,6,1,2,33.3
4/16/2025,Tampa Bay Rays,18,1,0,7,0,2,28.6
4/17/2025,Tampa Bay Rays,19,0,0,7,0,2,28.6
4/18/2025,Tampa Bay Rays,20,0,0,7,0,2,28.6
4/19/2025,Tampa Bay Rays,21,0,0,7,0,2,28.6
4/20/2025,Tampa Bay Rays,22,0,0,7,0,2,28.6
4/23/2025,Tampa Bay Rays,23,1,2,8,1,3,37.5
4/24/2025,Tampa Bay Rays,24,1,0,9,0,3,33.3
4/25/2025,Tampa Bay Rays,25,1,2,10,1,4,40
4/26/2025,Tampa Bay Rays,26,0,0,10,0,4,40
4/27/2025,Tampa Bay Rays,27,1,0,11,0,4,36.4
4/27/2025,Tampa Bay Rays,28,2,0,13,0,4,30.8
4/29/2025,Tampa Bay Rays,29,0,0,13,0,4,30.8
4/30/2025,Tampa Bay Rays,30,0,0,13,0,4,30.8
5/1/2025,Tampa Bay Rays,31,1,1,14,1,5,35.7
5/2/2025,Tampa Bay Rays,32,2,3,16,1,6,37.5
5/3/2025,Tampa Bay Rays,33,0,0,16,0,6,37.5
5/4/2025,Tampa Bay Rays,34,3,0,19,0,6,31.6
5/6/2025,Tampa Bay Rays,35,1,0,20,0,6,30
5/7/2025,Tampa Bay Rays,36,0,0,20,0,6,30
5/8/2025,Tampa Bay Rays,37,0,0,20,0,6,30
5/9/2025,Tampa Bay Rays,38,0,0,20,0,6,30
5/10/2025,Tampa Bay Rays,39,0,0,20,0,6,30
5/11/2025,Tampa Bay Rays,40,1,1,21,1,7,33.3
3/27/2025,Texas Rangers,1,0,0,0,0,0,NA
3/29/2025,Texas Rangers,2,0,0,0,0,0,NA
3/29/2025,Texas Rangers,3,0,0,0,0,0,NA
3/30/2025,Texas Rangers,4,0,0,0,0,0,NA
3/31/2025,Texas Rangers,5,1,0,1,0,0,0
4/1/2025,Texas Rangers,6,0,0,1,0,0,0
4/2/2025,Texas Rangers,7,0,0,1,0,0,0
4/5/2025,Texas Rangers,8,0,0,1,0,0,0
4/5/2025,Texas Rangers,9,0,0,1,0,0,0
4/6/2025,Texas Rangers,10,1,2,2,1,1,50
4/7/2025,Texas Rangers,11,1,0,3,0,1,33.3
4/8/2025,Texas Rangers,12,1,0,4,0,1,25
4/9/2025,Texas Rangers,13,0,0,4,0,1,25
4/12/2025,Texas Rangers,14,0,0,4,0,1,25
4/13/2025,Texas Rangers,15,0,0,4,0,1,25
4/13/2025,Texas Rangers,16,0,0,4,0,1,25
4/16/2025,Texas Rangers,17,1,0,5,0,1,20
4/17/2025,Texas Rangers,18,0,0,5,0,1,20
4/18/2025,Texas Rangers,19,0,0,5,0,1,20
4/19/2025,Texas Rangers,20,1,0,6,0,1,16.7
4/19/2025,Texas Rangers,21,0,0,6,0,1,16.7
4/20/2025,Texas Rangers,22,0,0,6,0,1,16.7
4/23/2025,Texas Rangers,23,0,0,6,0,1,16.7
4/24/2025,Texas Rangers,24,1,0,7,0,1,14.3
4/25/2025,Texas Rangers,25,0,0,7,0,1,14.3
4/26/2025,Texas Rangers,26,0,0,7,0,1,14.3
4/26/2025,Texas Rangers,27,0,0,7,0,1,14.3
4/27/2025,Texas Rangers,28,1,0,8,0,1,12.5
4/29/2025,Texas Rangers,29,0,0,8,0,1,12.5
4/30/2025,Texas Rangers,30,1,2,9,1,2,22.2
5/1/2025,Texas Rangers,31,1,1,10,1,3,30
5/1/2025,Texas Rangers,32,0,0,10,0,3,30
5/3/2025,Texas Rangers,33,0,0,10,0,3,30
5/3/2025,Texas Rangers,34,0,0,10,0,3,30
5/4/2025,Texas Rangers,35,0,0,10,0,3,30
5/6/2025,Texas Rangers,36,0,0,10,0,3,30
5/7/2025,Texas Rangers,37,0,0,10,0,3,30
5/8/2025,Texas Rangers,38,0,0,10,0,3,30
5/9/2025,Texas Rangers,39,1,1,11,1,4,36.4
5/10/2025,Texas Rangers,40,2,0,13,0,4,30.8
5/11/2025,Texas Rangers,41,0,0,13,0,4,30.8
5/13/2025,Texas Rangers,42,0,0,13,0,4,30.8
3/27/2025,Toronto Blue Jays,1,3,7,3,1,1,33.3
3/28/2025,Toronto Blue Jays,2,2,1,5,1,2,40
3/29/2025,Toronto Blue Jays,3,0,0,5,0,2,40
3/30/2025,Toronto Blue Jays,4,0,0,5,0,2,40
3/31/2025,Toronto Blue Jays,5,0,0,5,0,2,40
4/1/2025,Toronto Blue Jays,6,0,0,5,0,2,40
4/2/2025,Toronto Blue Jays,7,2,0,7,0,2,28.6
4/4/2025,Toronto Blue Jays,8,1,0,8,0,2,25
4/5/2025,Toronto Blue Jays,9,1,2,9,1,3,33.3
4/6/2025,Toronto Blue Jays,10,1,2,10,1,4,40
4/7/2025,Toronto Blue Jays,11,2,1,12,1,5,41.7
4/8/2025,Toronto Blue Jays,12,0,0,12,0,5,41.7
4/9/2025,Toronto Blue Jays,13,0,0,12,0,5,41.7
4/10/2025,Toronto Blue Jays,14,0,0,12,0,5,41.7
4/12/2025,Toronto Blue Jays,15,0,0,12,0,5,41.7
4/13/2025,Toronto Blue Jays,16,0,0,12,0,5,41.7
4/14/2025,Toronto Blue Jays,17,1,0,13,0,5,38.5
4/15/2025,Toronto Blue Jays,18,1,0,14,0,5,35.7
4/16/2025,Toronto Blue Jays,19,1,0,15,0,5,33.3
4/18/2025,Toronto Blue Jays,20,2,0,17,0,5,29.4
4/19/2025,Toronto Blue Jays,21,1,0,18,0,5,27.8
4/20/2025,Toronto Blue Jays,22,1,3,19,1,6,31.6
4/22/2025,Toronto Blue Jays,23,2,2,21,1,7,33.3
4/23/2025,Toronto Blue Jays,24,1,0,22,0,7,31.8
4/23/2025,Toronto Blue Jays,25,0,0,22,0,7,31.8
4/25/2025,Toronto Blue Jays,26,0,0,22,0,7,31.8
4/27/2025,Toronto Blue Jays,27,0,0,22,0,7,31.8
4/27/2025,Toronto Blue Jays,28,0,0,22,0,7,31.8
4/29/2025,Toronto Blue Jays,29,0,0,22,0,7,31.8
4/30/2025,Toronto Blue Jays,30,0,0,22,0,7,31.8
5/1/2025,Toronto Blue Jays,31,0,0,22,0,7,31.8
5/2/2025,Toronto Blue Jays,32,0,0,22,0,7,31.8
5/3/2025,Toronto Blue Jays,33,0,0,22,0,7,31.8
5/4/2025,Toronto Blue Jays,34,1,0,23,0,7,30.4
5/7/2025,Toronto Blue Jays,35,1,6,24,1,8,33.3
5/8/2025,Toronto Blue Jays,36,4,3,28,1,9,32.1
5/9/2025,Toronto Blue Jays,37,0,0,28,0,9,32.1
5/10/2025,Toronto Blue Jays,38,0,0,28,0,9,32.1
5/11/2025,Toronto Blue Jays,39,0,0,28,0,9,32.1
5/11/2025,Toronto Blue Jays,40,0,0,28,0,9,32.1
3/27/2025,Washington Nationals,1,0,0,0,0,0,NA
3/29/2025,Washington Nationals,2,0,0,0,0,0,NA
3/30/2025,Washington Nationals,3,0,0,0,0,0,NA
3/31/2025,Washington Nationals,4,1,2,1,1,1,100
4/1/2025,Washington Nationals,5,2,0,3,0,1,33.3
4/2/2025,Washington Nationals,6,1,0,4,0,1,25
4/4/2025,Washington Nationals,7,0,0,4,0,1,25
4/5/2025,Washington Nationals,8,3,2,7,1,2,28.6
4/6/2025,Washington Nationals,9,0,0,7,0,2,28.6
4/7/2025,Washington Nationals,10,0,0,7,0,2,28.6
4/8/2025,Washington Nationals,11,1,0,8,0,2,25
4/9/2025,Washington Nationals,12,0,0,8,0,2,25
4/11/2025,Washington Nationals,13,1,0,9,0,2,22.2
4/12/2025,Washington Nationals,14,0,0,9,0,2,22.2
4/13/2025,Washington Nationals,15,2,5,11,1,3,27.3
4/14/2025,Washington Nationals,16,2,3,13,1,4,30.8
4/15/2025,Washington Nationals,17,0,0,13,0,4,30.8
4/16/2025,Washington Nationals,18,0,0,13,0,4,30.8
4/17/2025,Washington Nationals,19,1,0,14,0,4,28.6
4/19/2025,Washington Nationals,20,1,1,15,1,5,33.3
4/20/2025,Washington Nationals,21,0,0,15,0,5,33.3
4/21/2025,Washington Nationals,22,0,0,15,0,5,33.3
4/22/2025,Washington Nationals,23,0,0,15,0,5,33.3
4/23/2025,Washington Nationals,24,0,0,15,0,5,33.3
4/24/2025,Washington Nationals,25,1,0,16,0,5,31.2
4/25/2025,Washington Nationals,26,0,0,16,0,5,31.2
4/26/2025,Washington Nationals,27,0,0,16,0,5,31.2
4/27/2025,Washington Nationals,28,0,0,16,0,5,31.2
4/28/2025,Washington Nationals,29,0,0,16,0,5,31.2
4/29/2025,Washington Nationals,30,0,0,16,0,5,31.2
4/30/2025,Washington Nationals,31,0,0,16,0,5,31.2
5/1/2025,Washington Nationals,32,0,0,16,0,5,31.2
5/2/2025,Washington Nationals,33,1,1,17,1,6,35.3
5/3/2025,Washington Nationals,34,0,0,17,0,6,35.3
5/4/2025,Washington Nationals,35,1,0,18,0,6,33.3
5/6/2025,Washington Nationals,36,1,6,19,1,7,36.8
5/6/2025,Washington Nationals,37,2,5,21,1,8,38.1
5/7/2025,Washington Nationals,38,0,0,21,0,8,38.1
5/9/2025,Washington Nationals,39,0,0,21,0,8,38.1
5/10/2025,Washington Nationals,40,1,0,22,0,8,36.4
5/11/2025,Washington Nationals,41,1,2,23,1,9,39.1
5/12/2025,Washington Nationals,42,0,0,23,0,9,39.1
