"fielding_team","matchup.pitcher.fullName","Strikeout","Groundout","Flyout","Single","Walk","Lineout","Double","Pop Out","Home Run","Hit By Pitch","Field Error","Sac Bunt","Triple","Intent Walk","Bunt Groundout","Double Play","Fielders Choice Out","Catcher Interference","Bunt Pop Out","Leadoff_Innings","AB","H","BAA","OBP","SLG","OPS","wOBA","K_pct","BB_pct","HR_pct","GO_pct","FB_pct","LD_pct"
"Arizona Diamondbacks","A.J. Puk",2,2,1,0,0,0,2,0,0,0,0,0,0,0,0,0,0,0,0,7,7,2,0.286,0.286,0.571,0.857,0.362,28.57,0,0,28.57,14.29,0
"Arizona Diamondbacks","Brandon Pfaadt",10,6,7,11,4,4,2,4,2,2,1,0,0,0,0,0,0,0,0,53,47,15,0.319,0.396,0.489,0.885,0.391,18.87,7.55,3.77,11.32,20.75,7.55
"Arizona Diamondbacks","Bryce Jarvis",1,1,1,0,2,0,1,0,0,1,0,0,0,0,0,0,0,0,0,7,4,1,0.25,0.571,0.5,1.071,0.484,14.29,28.57,0,14.29,14.29,0
"Arizona Diamondbacks","Corbin Burnes",11,10,2,10,3,3,4,3,1,0,0,0,0,0,0,0,0,0,0,47,44,15,0.341,0.383,0.5,0.883,0.386,23.4,6.38,2.13,21.28,10.64,6.38
"Arizona Diamondbacks","Cristian Mena",1,1,0,0,0,1,0,1,0,0,0,0,0,0,0,0,0,0,0,4,4,0,0,0,0,0,0,25,0,0,25,25,25
"Arizona Diamondbacks","Drey Jameson",0,0,0,0,1,0,1,0,0,0,0,0,0,0,0,1,0,0,0,3,2,1,0.5,0.667,1,1.667,0.655,0,33.33,0,0,0,0
"Arizona Diamondbacks","Eduardo Rodriguez",12,6,2,4,8,3,3,5,3,0,1,0,1,0,0,0,0,0,0,48,40,11,0.275,0.396,0.625,1.021,0.433,25,16.67,6.25,12.5,14.58,6.25
"Arizona Diamondbacks","J.P. Feyereisen",1,0,0,0,0,0,1,0,0,0,0,0,0,0,0,0,0,0,0,2,2,1,0.5,0.5,1,1.5,0.634,50,0,0,0,0,0
"Arizona Diamondbacks","Jalen Beeks",3,7,1,2,3,1,0,1,2,0,0,0,0,0,1,0,0,0,0,21,18,4,0.222,0.333,0.556,0.889,0.382,14.29,14.29,9.52,33.33,9.52,4.76
"Arizona Diamondbacks","Joe Mantiply",4,2,0,3,0,0,0,0,0,0,0,0,0,0,0,0,0,0,0,9,9,3,0.333,0.333,0.333,0.666,0.297,44.44,0,0,22.22,0,0
"Arizona Diamondbacks","Jose Castillo",1,2,0,0,0,1,0,0,1,0,0,0,0,0,0,0,0,0,0,5,5,1,0.2,0.2,0.8,1,0.414,20,0,20,40,0,20
"Arizona Diamondbacks","Juan Morillo",2,2,1,2,2,0,0,0,0,0,0,0,0,0,0,0,0,0,0,9,7,2,0.286,0.444,0.286,0.73,0.353,22.22,22.22,0,22.22,11.11,0
"Arizona Diamondbacks","Justin Martinez",3,4,0,0,0,1,0,0,1,1,0,0,0,0,0,0,0,0,0,10,9,1,0.111,0.2,0.444,0.644,0.28,30,0,10,40,0,10
"Arizona Diamondbacks","Kendall Graveman",0,0,0,1,1,1,0,0,0,0,0,0,0,0,0,0,0,0,0,3,2,1,0.5,0.667,0.5,1.167,0.529,0,33.33,0,0,0,33.33
"Arizona Diamondbacks","Kevin Ginkel",3,0,0,2,1,2,0,0,0,0,0,0,0,0,0,0,0,0,0,8,7,2,0.286,0.375,0.286,0.661,0.31,37.5,12.5,0,0,0,25
"Arizona Diamondbacks","Merrill Kelly",13,12,15,3,4,2,7,3,1,0,0,0,0,0,1,0,0,0,0,61,57,11,0.193,0.246,0.368,0.614,0.269,21.31,6.56,1.64,19.67,29.51,3.28
"Arizona Diamondbacks","Ryan Thompson",1,3,2,5,1,2,1,0,0,0,0,0,0,0,0,0,0,0,0,15,14,6,0.429,0.467,0.5,0.967,0.428,6.67,6.67,0,20,13.33,13.33
"Arizona Diamondbacks","Ryne Nelson",5,6,6,5,2,3,0,0,0,0,0,0,0,0,0,0,0,0,0,27,25,5,0.2,0.259,0.2,0.459,0.217,18.52,7.41,0,22.22,22.22,11.11
"Arizona Diamondbacks","Scott McGough",1,0,1,1,0,0,0,0,0,0,0,0,0,0,0,0,0,0,0,3,3,1,0.333,0.333,0.333,0.666,0.297,33.33,0,0,0,33.33,0
"Arizona Diamondbacks","Shelby Miller",5,3,5,1,1,1,0,1,0,0,0,0,0,0,0,0,0,0,0,17,16,1,0.062,0.118,0.062,0.18,0.093,29.41,5.88,0,17.65,35.29,5.88
"Arizona Diamondbacks","Tommy Henry",1,0,0,0,0,0,0,0,0,1,0,0,0,0,0,0,0,0,0,2,1,0,0,0.5,0,0.5,0.364,50,0,0,0,0,0
"Arizona Diamondbacks","Yilber Di­az",0,1,0,0,1,0,1,0,0,0,0,0,0,0,0,0,0,0,0,3,2,1,0.5,0.667,1,1.667,0.655,0,33.33,0,33.33,0,0
"Arizona Diamondbacks","Zac Gallen",16,13,14,6,2,3,0,1,2,0,0,0,0,0,0,0,0,0,0,57,55,8,0.145,0.175,0.255,0.43,0.191,28.07,3.51,3.51,22.81,26.32,5.26
"Athletics","Angel Perdomo",0,3,0,1,0,0,0,0,0,0,0,0,0,0,0,0,0,0,0,4,4,1,0.25,0.25,0.25,0.5,0.223,0,0,0,75,0,0
"Athletics","Anthony Maldonado",1,0,0,0,0,0,0,0,0,0,0,0,0,0,0,0,0,0,0,1,1,0,0,0,0,0,0,100,0,0,0,0,0
"Athletics","Elvis Alvarado",0,0,0,0,0,0,0,1,0,1,0,0,0,0,0,0,0,0,0,2,1,0,0,0.5,0,0.5,0.364,0,0,0,0,50,0
"Athletics","Grant Holman",1,4,5,0,1,0,0,1,0,0,0,0,0,0,0,0,0,0,0,12,11,0,0,0.083,0,0.083,0.058,8.33,8.33,0,33.33,50,0
"Athletics","Gunnar Hoglund",2,3,4,3,1,1,0,0,4,0,0,0,0,0,0,0,0,0,0,18,17,7,0.412,0.444,1.118,1.562,0.648,11.11,5.56,22.22,16.67,22.22,5.56
"Athletics","Hogan Harris",4,2,2,1,0,1,1,0,0,0,0,0,0,0,0,0,0,0,0,11,11,2,0.182,0.182,0.273,0.455,0.196,36.36,0,0,18.18,18.18,9.09
"Athletics","J.T. Ginn",4,7,0,2,0,0,0,1,1,0,0,0,0,0,0,0,0,0,0,15,15,3,0.2,0.2,0.4,0.6,0.257,26.67,0,6.67,46.67,6.67,0
"Athletics","JP Sears",11,12,9,10,2,6,0,0,2,0,2,0,0,0,0,0,0,0,0,54,52,12,0.231,0.259,0.346,0.605,0.268,20.37,3.7,3.7,22.22,16.67,11.11
"Athletics","Jacob Lopez",1,0,0,2,2,1,1,0,0,0,0,0,0,0,0,0,0,0,0,7,5,3,0.6,0.714,0.8,1.514,0.635,14.29,28.57,0,0,0,14.29
"Athletics","Jason Alexander",2,1,0,1,0,0,0,1,0,0,0,0,0,0,0,0,0,0,0,5,5,1,0.2,0.2,0.2,0.4,0.178,40,0,0,20,20,0
"Athletics","Jeffrey Springs",10,13,7,8,2,6,4,3,1,0,0,0,0,0,0,0,0,0,0,54,52,13,0.25,0.278,0.385,0.663,0.29,18.52,3.7,1.85,24.07,18.52,11.11
"Athletics","Jhonny Pereda",0,0,0,2,0,0,0,0,1,0,0,0,0,0,0,0,0,0,0,3,3,3,1,1,2,3,1.285,0,0,33.33,0,0,0
"Athletics","Joey Estes",0,0,2,2,1,0,1,0,2,0,0,0,0,0,0,0,0,0,0,8,7,5,0.714,0.75,1.714,2.464,0.986,0,12.5,25,0,25,0
"Athletics","Jose Leclerc",4,2,2,1,0,0,0,1,0,0,0,0,0,0,0,0,0,0,0,10,10,1,0.1,0.1,0.1,0.2,0.089,40,0,0,20,30,0
"Athletics","Justin Sterner",5,1,3,5,2,0,0,0,1,0,0,0,0,0,0,0,0,0,0,17,15,6,0.4,0.471,0.6,1.071,0.466,29.41,11.76,5.88,5.88,17.65,0
"Athletics","Luis Severino",11,18,8,11,5,4,2,2,0,0,1,0,0,0,0,0,0,0,0,62,57,13,0.228,0.29,0.263,0.553,0.255,17.74,8.06,0,29.03,16.13,6.45
"Athletics","Mason Miller",6,1,3,1,3,0,0,0,0,1,0,0,1,0,0,0,0,0,0,16,12,2,0.167,0.375,0.333,0.708,0.332,37.5,18.75,0,6.25,18.75,0
"Athletics","Matt Krook",1,0,0,0,0,0,0,0,0,0,0,0,0,0,0,0,0,0,0,1,1,0,0,0,0,0,0,100,0,0,0,0,0
"Athletics","Michel Otanez",1,0,0,0,1,0,0,0,0,0,0,0,0,0,0,0,0,0,0,2,1,0,0,0.5,0,0.5,0.348,50,50,0,0,0,0
"Athletics","Mitch Spence",7,7,3,2,0,1,1,0,1,1,1,0,0,0,0,0,0,0,0,24,23,4,0.174,0.208,0.348,0.556,0.244,29.17,0,4.17,29.17,12.5,4.17
"Athletics","Noah Murdock",4,5,1,3,1,1,0,1,0,1,0,0,0,0,0,0,0,0,0,17,15,3,0.2,0.294,0.2,0.494,0.241,23.53,5.88,0,29.41,11.76,5.88
"Athletics","Osvaldo Bido",8,9,7,3,10,2,3,0,5,0,0,0,0,0,0,0,0,0,0,47,37,11,0.297,0.447,0.784,1.231,0.507,17.02,21.28,10.64,19.15,14.89,4.26
"Athletics","T.J. McFarland",0,2,1,1,0,1,2,0,0,0,0,0,0,0,0,0,0,0,0,7,7,3,0.429,0.429,0.714,1.143,0.49,0,0,0,28.57,14.29,14.29
"Athletics","Tyler Ferguson",5,5,4,3,3,0,0,1,0,0,0,0,1,0,0,0,0,0,0,22,19,4,0.211,0.318,0.316,0.634,0.29,22.73,13.64,0,22.73,22.73,0
"Atlanta Braves","AJ Smith-Shawver",12,8,5,8,2,3,2,0,0,0,0,0,0,0,0,0,0,0,0,40,38,10,0.263,0.3,0.316,0.616,0.276,30,5,0,20,12.5,7.5
"Atlanta Braves","Aaron Bummer",5,6,3,2,1,0,1,0,0,0,0,0,0,0,0,0,0,0,0,18,17,3,0.176,0.222,0.235,0.457,0.208,27.78,5.56,0,33.33,16.67,0
"Atlanta Braves","Bryce Elder",13,13,7,6,5,0,1,0,0,0,0,0,0,0,0,0,0,0,0,45,40,7,0.175,0.267,0.2,0.467,0.224,28.89,11.11,0,28.89,15.56,0
"Atlanta Braves","Chris Sale",14,7,9,14,5,3,2,1,3,0,0,0,0,0,0,0,0,0,0,58,53,19,0.358,0.414,0.566,0.98,0.426,24.14,8.62,5.17,12.07,17.24,5.17
"Atlanta Braves","Davis Daniel",0,1,0,0,0,0,0,0,0,0,0,0,0,0,0,0,0,0,0,1,1,0,0,0,0,0,0,0,0,0,100,0,0
"Atlanta Braves","Daysbel Hernandez",0,3,2,1,4,2,3,2,0,0,0,0,0,0,0,0,0,0,0,17,13,4,0.308,0.471,0.538,1.009,0.44,0,23.53,0,17.65,23.53,11.76
"Atlanta Braves","Dylan Lee",3,7,4,0,0,0,0,0,2,0,0,0,0,0,0,0,0,0,0,16,16,2,0.125,0.125,0.5,0.625,0.259,18.75,0,12.5,43.75,25,0
"Atlanta Braves","Enyel De Los Santos",3,4,2,0,1,4,0,0,1,1,0,0,0,0,0,0,0,0,0,16,14,1,0.071,0.188,0.286,0.474,0.219,18.75,6.25,6.25,25,12.5,25
"Atlanta Braves","Grant Holmes",16,10,8,6,6,7,1,0,2,0,0,0,0,0,0,0,0,0,0,56,50,9,0.18,0.268,0.32,0.588,0.267,28.57,10.71,3.57,17.86,14.29,12.5
"Atlanta Braves","Hector Neris",0,0,0,0,1,0,0,0,1,0,0,0,0,0,0,0,0,0,0,2,1,1,1,1,4,5,1.385,0,50,50,0,0,0
"Atlanta Braves","Jesse Chavez",1,0,0,0,0,0,0,1,1,0,0,0,0,0,0,0,0,0,0,3,3,1,0.333,0.333,1.333,1.666,0.691,33.33,0,33.33,0,33.33,0
"Atlanta Braves","Jose Suarez",1,4,0,0,1,0,1,0,0,0,0,0,0,0,0,0,0,0,0,7,6,1,0.167,0.286,0.333,0.619,0.281,14.29,14.29,0,57.14,0,0
"Atlanta Braves","Michael Petersen",1,1,0,0,0,0,0,0,0,0,0,0,0,0,0,0,0,0,0,2,2,0,0,0,0,0,0,50,0,0,50,0,0
"Atlanta Braves","Nathan Wiles",0,0,0,1,0,0,0,0,0,0,0,0,0,0,0,0,0,0,0,1,1,1,1,1,1,2,0.891,0,0,0,0,0,0
"Atlanta Braves","Pierce Johnson",5,1,1,0,2,3,1,1,1,0,0,0,0,0,0,0,0,0,0,15,13,2,0.154,0.267,0.462,0.729,0.316,33.33,13.33,6.67,6.67,13.33,20
"Atlanta Braves","Rafael Montero",3,2,3,1,3,1,0,0,0,0,0,0,0,0,0,0,0,0,0,13,10,1,0.1,0.308,0.1,0.408,0.229,23.08,23.08,0,15.38,23.08,7.69
"Atlanta Braves","Raisel Iglesias",4,4,3,3,0,2,0,1,1,1,0,0,0,0,0,0,0,0,0,19,18,4,0.222,0.263,0.389,0.652,0.288,21.05,0,5.26,21.05,21.05,10.53
"Atlanta Braves","Reynaldo Lopez",0,2,0,2,0,0,0,0,1,0,0,0,0,0,0,0,0,0,0,5,5,3,0.6,0.6,1.2,1.8,0.771,0,0,20,40,0,0
"Atlanta Braves","Scott Blewett",3,3,0,2,1,0,0,0,0,0,0,2,0,0,0,0,1,0,0,12,9,2,0.222,0.3,0.222,0.522,0.248,25,8.33,0,25,0,0
"Atlanta Braves","Spencer Schwellenbach",11,16,7,9,4,6,5,1,2,0,0,0,1,0,0,0,0,0,0,62,58,17,0.293,0.339,0.517,0.856,0.369,17.74,6.45,3.23,25.81,12.9,9.68
"Atlanta Braves","Spencer Strider",2,1,0,1,0,0,1,0,1,0,0,0,0,0,0,0,0,0,0,6,6,3,0.5,0.5,1.167,1.667,0.705,33.33,0,16.67,16.67,0,0
"Atlanta Braves","Zach Thompson",2,0,0,0,1,0,0,1,0,0,0,0,0,0,0,0,0,0,0,4,3,0,0,0.25,0,0.25,0.174,50,25,0,0,25,0
"Baltimore Orioles","Albert Suarez",0,0,1,1,0,0,0,0,0,0,0,0,0,0,0,0,0,0,0,2,2,1,0.5,0.5,0.5,1,0.446,0,0,0,0,50,0
"Baltimore Orioles","Brandon Young",2,0,1,2,3,0,0,1,1,0,0,0,0,0,0,0,0,0,0,10,7,3,0.429,0.6,0.857,1.457,0.595,20,30,10,0,20,0
"Baltimore Orioles","Bryan Baker",6,1,2,0,2,0,1,2,2,0,0,0,0,0,0,0,0,0,0,16,14,3,0.214,0.312,0.714,1.026,0.425,37.5,12.5,12.5,6.25,25,0
"Baltimore Orioles","Cade Povich",11,8,7,5,5,4,1,2,1,0,0,0,0,0,0,0,0,0,0,44,39,7,0.179,0.273,0.282,0.555,0.256,25,11.36,2.27,18.18,20.45,9.09
"Baltimore Orioles","Charlie Morton",8,9,5,7,7,3,1,0,2,1,1,0,1,0,0,0,0,0,0,45,37,11,0.297,0.422,0.541,0.963,0.419,17.78,15.56,4.44,20,11.11,6.67
"Baltimore Orioles","Chayce McDermott",0,0,0,0,2,0,0,0,0,1,0,0,0,0,0,0,0,0,0,3,0,0,NA,1,NA,NA,0.707,0,66.67,0,0,0,0
"Baltimore Orioles","Cionel Perez",5,6,0,1,3,0,0,1,1,1,1,0,0,0,0,0,0,0,0,19,15,2,0.133,0.316,0.333,0.649,0.304,26.32,15.79,5.26,31.58,5.26,0
"Baltimore Orioles","Cody Poteet",0,0,0,0,2,0,0,0,0,0,0,0,0,0,0,0,0,0,0,2,0,0,NA,1,NA,NA,0.697,0,100,0,0,0,0
"Baltimore Orioles","Colin Selby",1,0,1,0,0,1,0,0,0,0,0,0,0,0,0,0,0,0,0,3,3,0,0,0,0,0,0,33.33,0,0,0,33.33,33.33
"Baltimore Orioles","Dean Kremer",3,15,12,5,5,1,3,4,4,0,1,0,1,0,0,0,0,0,0,54,49,13,0.265,0.333,0.612,0.945,0.401,5.56,9.26,7.41,27.78,29.63,1.85
"Baltimore Orioles","Felix Bautista",3,4,1,1,2,0,0,1,0,0,0,0,0,0,0,0,0,0,0,12,10,1,0.1,0.25,0.1,0.35,0.19,25,16.67,0,33.33,16.67,0
"Baltimore Orioles","Gary Sanchez",0,0,0,0,0,1,0,0,0,0,0,0,0,0,0,0,0,0,0,1,1,0,0,0,0,0,0,0,0,0,0,0,100
"Baltimore Orioles","Grant Wolfram",0,0,0,1,0,0,0,0,0,0,0,0,0,0,0,0,0,0,0,1,1,1,1,1,1,2,0.891,0,0,0,0,0,0
"Baltimore Orioles","Gregory Soto",3,2,2,2,1,0,2,0,0,1,0,0,0,0,0,0,0,0,0,13,11,4,0.364,0.462,0.545,1.007,0.442,23.08,7.69,0,15.38,15.38,0
"Baltimore Orioles","Jorge Mateo",0,0,0,1,0,0,0,0,0,0,0,0,0,0,0,0,0,0,0,1,1,1,1,1,1,2,0.891,0,0,0,0,0,0
"Baltimore Orioles","Kade Strowd",0,0,1,0,0,0,0,0,0,0,0,0,0,0,0,0,0,0,0,1,1,0,0,0,0,0,0,0,0,0,0,100,0
"Baltimore Orioles","Keegan Akin",6,2,4,1,4,1,1,2,0,0,0,0,0,0,0,0,0,0,0,21,17,2,0.118,0.286,0.176,0.462,0.236,28.57,19.05,0,9.52,28.57,4.76
"Baltimore Orioles","Kyle Gibson",1,5,1,3,1,0,1,0,2,0,0,0,0,0,0,0,0,0,0,14,13,6,0.462,0.5,1,1.5,0.627,7.14,7.14,14.29,35.71,7.14,0
"Baltimore Orioles","Matt Bowman",2,2,4,1,1,2,1,2,1,0,0,0,0,0,1,0,0,0,0,17,16,3,0.188,0.235,0.438,0.673,0.29,11.76,5.88,5.88,11.76,35.29,11.76
"Baltimore Orioles","Scott Blewett",0,0,1,1,1,0,0,0,0,0,0,0,0,0,0,0,0,0,0,3,2,1,0.5,0.667,0.5,1.167,0.529,0,33.33,0,0,33.33,0
"Baltimore Orioles","Seranthony Domi­nguez",2,0,2,1,6,1,0,0,1,0,0,0,0,0,0,0,0,0,0,13,7,2,0.286,0.615,0.714,1.329,0.55,15.38,46.15,7.69,0,15.38,7.69
"Baltimore Orioles","Tomoyuki Sugano",4,22,4,7,4,5,2,2,4,0,0,0,1,0,0,0,0,0,0,55,51,14,0.275,0.327,0.588,0.915,0.39,7.27,7.27,7.27,40,10.91,9.09
"Baltimore Orioles","Yennier Cano",3,2,2,3,1,0,1,0,0,0,0,0,0,0,0,0,0,0,0,12,11,4,0.364,0.417,0.455,0.872,0.386,25,8.33,0,16.67,16.67,0
"Baltimore Orioles","Zach Eflin",3,7,6,3,1,1,4,1,2,0,0,0,0,0,1,0,0,0,0,29,28,9,0.321,0.345,0.679,1.024,0.434,10.34,3.45,6.9,24.14,24.14,3.45
"Boston Red Sox","Aroldis Chapman",6,0,2,2,2,1,1,2,1,0,0,0,0,0,0,0,0,0,0,17,15,4,0.267,0.353,0.533,0.886,0.383,35.29,11.76,5.88,0,23.53,5.88
"Boston Red Sox","Brayan Bello",5,10,3,3,4,2,3,1,2,0,0,0,0,0,0,0,0,0,0,33,29,8,0.276,0.364,0.586,0.95,0.406,15.15,12.12,6.06,30.3,12.12,6.06
"Boston Red Sox","Brennan Bernardino",2,7,3,0,0,2,0,1,0,1,0,0,0,0,0,0,0,1,0,17,15,0,0,0.062,0,0.062,0.046,11.76,0,0,41.18,23.53,11.76
"Boston Red Sox","Cooper Criswell",0,0,1,1,0,0,0,1,0,0,1,0,0,0,0,0,0,0,0,4,4,1,0.25,0.25,0.25,0.5,0.223,0,0,0,0,50,0
"Boston Red Sox","Garrett Crochet",24,16,5,9,4,3,0,1,2,0,0,0,0,0,0,0,0,0,0,64,60,11,0.183,0.234,0.283,0.517,0.234,37.5,6.25,3.12,25,9.38,4.69
"Boston Red Sox","Garrett Whitlock",3,2,8,2,5,1,1,1,0,0,0,0,0,0,0,0,0,0,0,23,18,3,0.167,0.348,0.222,0.57,0.284,13.04,21.74,0,8.7,39.13,4.35
"Boston Red Sox","Greg Weissert",4,3,2,5,1,0,0,3,0,0,0,0,0,0,0,0,0,0,0,18,17,5,0.294,0.333,0.294,0.627,0.286,22.22,5.56,0,16.67,27.78,0
"Boston Red Sox","Hunter Dobbins",2,7,7,2,0,4,4,1,1,1,0,0,0,0,0,0,0,0,0,29,28,7,0.25,0.276,0.5,0.776,0.333,6.9,0,3.45,24.14,27.59,13.79
"Boston Red Sox","Josh Winckowski",3,3,2,1,0,1,1,0,0,0,0,0,0,0,0,0,0,0,0,11,11,2,0.182,0.182,0.273,0.455,0.196,27.27,0,0,27.27,18.18,9.09
"Boston Red Sox","Justin Slaten",3,4,4,3,1,2,0,1,0,0,0,0,0,0,0,0,0,0,0,18,17,3,0.176,0.222,0.176,0.398,0.187,16.67,5.56,0,22.22,27.78,11.11
"Boston Red Sox","Justin Wilson",4,2,0,2,1,1,0,0,0,0,0,0,0,0,0,0,0,0,0,10,9,2,0.222,0.3,0.222,0.522,0.248,40,10,0,20,0,10
"Boston Red Sox","Liam Hendriks",1,0,4,2,3,1,0,0,0,0,0,0,0,0,0,0,0,0,0,11,8,2,0.25,0.455,0.25,0.705,0.352,9.09,27.27,0,0,36.36,9.09
"Boston Red Sox","Lucas Giolito",2,6,4,6,0,2,1,0,0,0,0,0,0,0,0,0,0,0,0,21,21,7,0.333,0.333,0.381,0.714,0.315,9.52,0,0,28.57,19.05,9.52
"Boston Red Sox","Luis Guerrero",1,1,1,0,0,0,0,1,0,0,0,0,0,0,0,0,0,0,0,4,4,0,0,0,0,0,0,25,0,0,25,50,0
"Boston Red Sox","Michael Fulmer",0,0,0,0,1,0,0,0,1,0,0,0,0,0,0,0,0,0,0,2,1,1,1,1,4,5,1.385,0,50,50,0,0,0
"Boston Red Sox","Nick Burdi",1,0,0,1,0,0,0,0,0,0,0,0,0,0,0,0,0,0,0,2,2,1,0.5,0.5,0.5,1,0.446,50,0,0,0,0,0
"Boston Red Sox","Richard Fitts",1,4,5,2,0,1,1,1,1,0,1,0,0,0,0,0,0,0,0,17,17,4,0.235,0.235,0.471,0.706,0.301,5.88,0,5.88,23.53,35.29,5.88
"Boston Red Sox","Robert Stock",0,0,0,1,0,0,0,1,0,0,0,0,0,0,0,0,0,0,0,2,2,1,0.5,0.5,0.5,1,0.446,0,0,0,0,50,0
"Boston Red Sox","Sean Newcomb",3,4,4,13,5,2,2,2,0,1,0,1,0,0,0,0,0,1,0,38,30,15,0.5,0.583,0.567,1.15,0.509,7.89,13.16,0,10.53,15.79,5.26
"Boston Red Sox","Tanner Houck",6,16,5,9,2,2,2,0,4,1,0,0,0,0,0,0,0,0,0,47,44,15,0.341,0.383,0.659,1.042,0.446,12.77,4.26,8.51,34.04,10.64,4.26
"Boston Red Sox","Walker Buehler",7,8,3,6,3,1,1,4,2,0,0,0,0,0,0,0,0,0,0,35,32,9,0.281,0.343,0.5,0.843,0.367,20,8.57,5.71,22.86,20,2.86
"Boston Red Sox","Zack Kelly",2,2,0,3,1,1,1,1,0,0,0,0,0,0,0,0,0,0,0,11,10,4,0.4,0.455,0.5,0.955,0.422,18.18,9.09,0,18.18,9.09,9.09
"Chicago Cubs","Ben Brown",15,4,6,7,5,1,0,1,2,1,0,0,1,0,0,0,0,0,0,43,37,10,0.27,0.372,0.486,0.858,0.377,34.88,11.63,4.65,9.3,16.28,2.33
"Chicago Cubs","Brad Keller",7,5,3,4,0,1,1,1,0,0,0,0,0,0,0,0,0,0,0,22,22,5,0.227,0.227,0.273,0.5,0.22,31.82,0,0,22.73,18.18,4.55
"Chicago Cubs","Cade Horton",4,2,1,2,0,0,0,0,0,0,0,0,0,0,0,0,0,0,0,9,9,2,0.222,0.222,0.222,0.444,0.198,44.44,0,0,22.22,11.11,0
"Chicago Cubs","Caleb Thielbar",5,3,2,1,1,1,0,1,0,0,0,0,0,0,0,0,0,0,0,14,13,1,0.077,0.143,0.077,0.22,0.113,35.71,7.14,0,21.43,21.43,7.14
"Chicago Cubs","Chris Flexen",1,2,2,1,0,1,0,0,0,0,0,0,0,0,0,0,0,0,0,7,7,1,0.143,0.143,0.143,0.286,0.127,14.29,0,0,28.57,28.57,14.29
"Chicago Cubs","Colin Rea",10,7,7,0,4,6,2,6,1,0,0,0,0,0,0,0,0,0,0,43,39,3,0.077,0.163,0.205,0.368,0.172,23.26,9.3,2.33,16.28,30.23,13.95
"Chicago Cubs","Daniel Palencia",4,3,0,2,1,1,0,1,0,0,1,0,0,0,0,0,0,0,0,13,12,2,0.167,0.231,0.167,0.398,0.191,30.77,7.69,0,23.08,7.69,7.69
"Chicago Cubs","Drew Pomeranz",2,0,2,1,1,0,0,1,0,1,0,0,0,0,0,0,0,0,0,8,6,1,0.167,0.375,0.167,0.542,0.29,25,12.5,0,0,37.5,0
"Chicago Cubs","Eli Morgan",1,2,1,0,1,0,1,0,0,0,0,0,0,0,0,0,0,0,0,6,5,1,0.2,0.333,0.4,0.733,0.327,16.67,16.67,0,33.33,16.67,0
"Chicago Cubs","Ethan Roberts",1,0,1,2,0,1,0,0,0,0,0,0,0,0,0,0,0,0,0,5,5,2,0.4,0.4,0.4,0.8,0.356,20,0,0,0,20,20
"Chicago Cubs","Gavin Hollowell",3,0,1,1,0,1,0,0,0,0,0,0,0,0,0,0,0,0,0,6,6,1,0.167,0.167,0.167,0.334,0.148,50,0,0,0,16.67,16.67
"Chicago Cubs","Jameson Taillon",9,12,7,3,3,6,4,4,2,0,1,0,0,0,0,0,0,0,0,51,48,9,0.188,0.235,0.396,0.631,0.274,17.65,5.88,3.92,23.53,21.57,11.76
"Chicago Cubs","Jordan Wicks",0,0,0,2,0,0,0,0,0,0,0,1,0,0,0,0,0,0,0,3,2,2,1,1,1,2,0.891,0,0,0,0,0,0
"Chicago Cubs","Julian Merryweather",4,3,2,2,3,1,2,0,1,0,0,0,0,0,0,0,0,0,0,18,15,5,0.333,0.444,0.667,1.111,0.471,22.22,16.67,5.56,16.67,11.11,5.56
"Chicago Cubs","Justin Steele",7,3,2,3,2,1,2,1,1,1,0,0,0,0,0,0,0,0,0,23,20,6,0.3,0.391,0.55,0.941,0.409,30.43,8.7,4.35,13.04,13.04,4.35
"Chicago Cubs","Luke Little",0,0,0,0,1,0,0,0,0,0,0,0,0,0,0,0,0,0,0,1,0,0,NA,1,NA,NA,0.697,0,100,0,0,0,0
"Chicago Cubs","Matthew Boyd",14,8,7,9,5,2,2,2,2,1,0,0,0,0,0,0,0,0,0,52,46,13,0.283,0.365,0.457,0.822,0.364,26.92,9.62,3.85,15.38,17.31,3.85
"Chicago Cubs","Nate Pearson",1,0,2,0,4,2,0,0,1,0,0,0,0,0,0,0,0,0,0,10,6,1,0.167,0.5,0.667,1.167,0.486,10,40,10,0,20,20
"Chicago Cubs","Porter Hodge",3,3,1,4,4,1,0,1,1,0,0,0,0,0,0,0,0,0,0,18,14,5,0.357,0.5,0.571,1.071,0.468,16.67,22.22,5.56,16.67,11.11,5.56
"Chicago Cubs","Ryan Brasier",0,0,0,0,0,0,1,0,0,0,0,0,0,0,0,0,0,0,0,1,1,1,1,1,2,3,1.268,0,0,0,0,0,0
"Chicago Cubs","Ryan Pressly",2,4,2,3,1,0,1,4,0,0,0,0,0,0,0,0,0,0,0,17,16,4,0.25,0.294,0.312,0.606,0.273,11.76,5.88,0,23.53,35.29,0
"Chicago Cubs","Shota Imanaga",9,11,10,6,3,2,4,2,0,0,0,0,0,0,0,0,0,0,0,47,44,10,0.227,0.277,0.318,0.595,0.266,19.15,6.38,0,23.4,25.53,4.26
"Chicago Cubs","Tom Cosgrove",0,4,0,0,0,0,0,0,0,0,0,0,0,0,0,0,0,0,0,4,4,0,0,0,0,0,0,0,0,0,100,0,0
"Chicago White Sox","Brandon Eisert",6,3,2,2,0,1,2,1,0,0,0,0,0,0,0,0,0,0,0,17,17,4,0.235,0.235,0.353,0.588,0.254,35.29,0,0,17.65,17.65,5.88
"Chicago White Sox","Bryse Wilson",3,6,6,6,4,2,2,1,3,0,0,0,1,0,1,0,0,0,0,35,31,12,0.387,0.457,0.806,1.263,0.528,8.57,11.43,8.57,17.14,20,5.71
"Chicago White Sox","Caleb Freeman",1,0,0,1,0,0,0,0,1,0,0,0,0,0,0,0,0,0,0,3,3,2,0.667,0.667,1.667,2.334,0.988,33.33,0,33.33,0,0,0
"Chicago White Sox","Cam Booser",5,2,3,0,3,1,0,0,1,0,0,0,0,0,0,0,0,0,0,15,12,1,0.083,0.267,0.333,0.6,0.278,33.33,20,6.67,13.33,20,6.67
"Chicago White Sox","Davis Martin",8,10,7,12,4,2,5,0,3,0,1,0,0,0,0,0,0,0,0,52,48,20,0.417,0.462,0.708,1.17,0.501,15.38,7.69,5.77,19.23,13.46,3.85
"Chicago White Sox","Fraser Ellard",5,0,0,1,1,0,0,0,0,0,0,0,0,0,0,0,0,0,0,7,6,1,0.167,0.286,0.167,0.453,0.227,71.43,14.29,0,0,0,0
"Chicago White Sox","Jared Shuster",3,0,2,3,0,1,1,0,0,0,1,0,0,0,0,0,0,0,0,11,11,4,0.364,0.364,0.455,0.819,0.358,27.27,0,0,0,18.18,9.09
"Chicago White Sox","Jonathan Cannon",8,7,13,15,0,1,5,5,1,1,0,0,2,0,0,0,0,0,0,58,57,23,0.404,0.414,0.614,1.028,0.443,13.79,0,1.72,12.07,31.03,1.72
"Chicago White Sox","Jordan Leasure",4,3,2,3,1,0,0,0,0,0,0,0,0,0,0,0,0,0,0,13,12,3,0.25,0.308,0.25,0.558,0.259,30.77,7.69,0,23.08,15.38,0
"Chicago White Sox","Marti­n Perez",4,4,3,3,2,3,1,1,0,0,0,0,0,0,0,0,0,0,0,21,19,4,0.211,0.286,0.263,0.549,0.254,19.05,9.52,0,19.05,19.05,14.29
"Chicago White Sox","Miguel Castro",1,0,1,0,0,0,0,0,0,0,0,0,0,0,0,0,0,0,0,2,2,0,0,0,0,0,0,50,0,0,0,50,0
"Chicago White Sox","Mike Clevinger",0,2,1,1,1,0,0,1,0,0,0,0,0,0,0,0,0,0,0,6,5,1,0.2,0.333,0.2,0.533,0.265,0,16.67,0,33.33,33.33,0
"Chicago White Sox","Mike Vasil",5,5,7,6,3,1,0,0,0,0,0,0,0,0,0,0,0,0,0,27,24,6,0.25,0.333,0.25,0.583,0.275,18.52,11.11,0,18.52,25.93,3.7
"Chicago White Sox","Penn Murfee",2,1,1,1,2,1,2,2,0,0,0,0,0,0,0,0,0,0,0,12,10,3,0.3,0.417,0.5,0.917,0.402,16.67,16.67,0,8.33,25,8.33
"Chicago White Sox","Sean Burke",7,10,8,7,8,2,3,2,3,1,0,0,0,0,0,0,0,0,0,51,42,13,0.31,0.431,0.595,1.026,0.442,13.73,15.69,5.88,19.61,19.61,3.92
"Chicago White Sox","Shane Smith",11,11,7,9,5,1,4,1,0,1,0,0,0,0,0,0,0,0,0,50,44,13,0.295,0.38,0.386,0.766,0.346,22,10,0,22,16,2
"Chicago White Sox","Steven Wilson",5,1,2,1,0,0,0,0,1,0,0,0,0,0,0,0,0,0,0,10,10,2,0.2,0.2,0.5,0.7,0.296,50,0,10,10,20,0
"Chicago White Sox","Tyler Gilbert",4,2,2,2,3,0,0,1,0,0,0,0,0,0,0,0,0,0,0,14,11,2,0.182,0.357,0.182,0.539,0.277,28.57,21.43,0,14.29,21.43,0
"Chicago White Sox","Yoendrys Gomez",0,0,0,0,1,0,1,0,0,0,0,0,0,0,0,0,0,0,0,2,1,1,1,1,2,3,0.982,0,50,0,0,0,0
"Cincinnati Reds","Alexis Di­az",0,1,2,0,1,0,1,0,0,1,0,0,0,0,0,0,0,0,0,6,4,1,0.25,0.5,0.5,1,0.449,0,16.67,0,16.67,33.33,0
"Cincinnati Reds","Andrew Abbott",10,5,4,1,2,3,4,2,3,1,0,0,0,0,0,0,0,0,0,35,32,8,0.25,0.314,0.656,0.97,0.409,28.57,5.71,8.57,14.29,17.14,8.57
"Cincinnati Reds","Brady Singer",9,10,12,7,5,0,1,2,1,0,0,0,1,0,0,0,0,0,0,48,43,10,0.233,0.312,0.372,0.684,0.306,18.75,10.42,2.08,20.83,29.17,0
"Cincinnati Reds","Brent Suter",2,6,2,4,0,6,1,1,0,0,0,0,0,0,0,0,0,0,0,22,22,5,0.227,0.227,0.273,0.5,0.22,9.09,0,0,27.27,13.64,27.27
"Cincinnati Reds","Carson Spiers",3,6,0,2,3,0,0,0,0,0,0,0,0,0,0,0,0,0,0,14,11,2,0.182,0.357,0.182,0.539,0.277,21.43,21.43,0,42.86,0,0
"Cincinnati Reds","Chase Petty",1,1,0,2,1,1,1,0,0,0,0,0,0,0,0,0,0,0,0,7,6,3,0.5,0.571,0.667,1.238,0.535,14.29,14.29,0,14.29,0,14.29
"Cincinnati Reds","Emilio Pagan",6,5,6,1,2,0,1,2,1,0,0,0,0,0,0,0,0,0,0,24,22,3,0.136,0.208,0.318,0.526,0.234,25,8.33,4.17,20.83,33.33,0
"Cincinnati Reds","Graham Ashcraft",7,3,2,4,4,0,2,0,0,0,0,1,0,0,0,0,0,0,0,23,18,6,0.333,0.455,0.444,0.899,0.404,30.43,17.39,0,13.04,8.7,0
"Cincinnati Reds","Hunter Greene",14,7,9,5,1,3,0,4,3,0,0,0,0,0,0,0,0,0,0,46,45,8,0.178,0.196,0.378,0.574,0.247,30.43,2.17,6.52,15.22,28.26,6.52
"Cincinnati Reds","Ian Gibaut",3,2,0,1,0,1,2,2,1,0,0,0,0,0,0,0,0,0,0,12,12,4,0.333,0.333,0.75,1.083,0.458,25,0,8.33,16.67,16.67,8.33
"Cincinnati Reds","Luis Mey",3,3,1,0,2,0,0,0,0,0,0,0,0,0,0,0,0,0,0,9,7,0,0,0.222,0,0.222,0.155,33.33,22.22,0,33.33,11.11,0
"Cincinnati Reds","Lyon Richardson",2,4,1,2,0,0,0,1,1,0,0,0,0,1,0,0,0,0,0,12,11,3,0.273,0.333,0.545,0.878,0.35,16.67,0,8.33,33.33,16.67,0
"Cincinnati Reds","Nick Lodolo",10,11,13,6,3,2,3,3,1,2,1,0,0,0,0,0,0,0,0,55,50,10,0.2,0.273,0.32,0.593,0.269,18.18,5.45,1.82,20,29.09,3.64
"Cincinnati Reds","Nick Martinez",4,14,12,7,1,5,8,1,0,0,1,0,0,0,0,0,0,0,0,53,52,15,0.288,0.302,0.442,0.744,0.322,7.55,1.89,0,26.42,24.53,9.43
"Cincinnati Reds","Randy Wynne",0,1,0,0,1,0,1,0,0,0,0,0,0,0,0,0,0,0,0,3,2,1,0.5,0.667,1,1.667,0.655,0,33.33,0,33.33,0,0
"Cincinnati Reds","Sam Moll",0,0,0,0,1,0,0,0,0,0,0,0,0,0,0,0,0,0,0,1,0,0,NA,1,NA,NA,0.697,0,100,0,0,0,0
"Cincinnati Reds","Scott Barlow",3,3,3,3,3,1,1,2,1,0,0,0,0,0,0,0,0,0,0,20,17,5,0.294,0.4,0.529,0.929,0.405,15,15,5,15,25,5
"Cincinnati Reds","Taylor Rogers",2,4,4,0,2,0,0,1,0,0,1,0,0,0,0,0,0,0,1,15,13,0,0,0.133,0,0.133,0.093,13.33,13.33,0,26.67,33.33,0
"Cincinnati Reds","Tony Santillan",6,1,1,5,0,2,1,4,1,0,0,0,0,0,1,0,0,0,0,22,22,7,0.318,0.318,0.5,0.818,0.354,27.27,0,4.55,4.55,22.73,9.09
"Cincinnati Reds","Yosver Zulueta",1,0,0,0,1,0,0,0,0,0,0,0,0,0,0,0,0,0,0,2,1,0,0,0.5,0,0.5,0.348,50,50,0,0,0,0
"Cleveland Guardians","Austin Hedges",0,1,0,0,0,0,0,0,0,0,0,0,0,0,0,0,0,0,0,1,1,0,0,0,0,0,0,0,0,0,100,0,0
"Cleveland Guardians","Ben Lively",7,8,11,6,3,6,1,3,2,0,0,0,0,0,0,0,0,0,0,47,44,9,0.205,0.255,0.364,0.619,0.273,14.89,6.38,4.26,17.02,29.79,12.77
"Cleveland Guardians","Cade Smith",7,3,1,2,2,2,0,0,0,1,0,0,0,0,0,0,0,0,0,18,15,2,0.133,0.278,0.133,0.411,0.217,38.89,11.11,0,16.67,5.56,11.11
"Cleveland Guardians","Cody Bolton",0,0,0,1,0,1,0,0,0,0,0,0,0,0,0,0,0,0,0,2,2,1,0.5,0.5,0.5,1,0.446,0,0,0,0,0,50
"Cleveland Guardians","Doug Nikhazy",2,0,0,0,0,0,1,0,0,0,0,0,0,0,0,0,0,0,0,3,3,1,0.333,0.333,0.667,1,0.423,66.67,0,0,0,0,0
"Cleveland Guardians","Emmanuel Clase",4,5,0,3,1,2,1,0,0,0,2,0,1,0,0,0,0,0,0,19,18,5,0.278,0.316,0.444,0.76,0.329,21.05,5.26,0,26.32,0,10.53
"Cleveland Guardians","Gavin Williams",9,9,7,8,5,1,2,0,2,0,1,0,0,0,0,0,0,0,0,44,39,12,0.308,0.386,0.513,0.899,0.393,20.45,11.36,4.55,20.45,15.91,2.27
"Cleveland Guardians","Hunter Gaddis",6,2,0,2,2,0,0,0,1,0,0,0,0,0,0,0,0,0,0,13,11,3,0.273,0.385,0.545,0.93,0.404,46.15,15.38,7.69,15.38,0,0
"Cleveland Guardians","Jakob Junis",2,7,6,3,1,0,0,0,1,0,0,0,0,0,0,0,0,0,0,20,19,4,0.211,0.25,0.368,0.618,0.272,10,5,5,35,30,0
"Cleveland Guardians","Joey Cantillo",9,4,0,2,3,0,0,0,0,0,2,0,0,0,0,0,0,0,0,20,17,2,0.118,0.25,0.118,0.368,0.194,45,15,0,20,0,0
"Cleveland Guardians","Kolby Allard",2,7,0,3,0,0,1,4,0,0,0,0,0,0,0,0,0,0,0,17,17,4,0.235,0.235,0.294,0.529,0.232,11.76,0,0,41.18,23.53,0
"Cleveland Guardians","Logan Allen",9,5,7,10,5,2,4,2,1,0,0,0,0,0,0,0,0,0,0,45,40,15,0.375,0.444,0.55,0.994,0.434,20,11.11,2.22,11.11,20,4.44
"Cleveland Guardians","Luis L. Ortiz",12,12,3,7,4,3,2,3,4,0,1,0,0,0,0,0,0,0,0,51,47,13,0.277,0.333,0.574,0.907,0.389,23.53,7.84,7.84,23.53,11.76,5.88
"Cleveland Guardians","Matt Festa",2,2,2,1,0,0,0,0,0,0,0,0,0,0,0,0,0,0,0,7,7,1,0.143,0.143,0.143,0.286,0.127,28.57,0,0,28.57,28.57,0
"Cleveland Guardians","Paul Sewald",3,1,2,0,0,1,1,1,1,0,0,0,0,0,0,0,0,0,0,10,10,2,0.2,0.2,0.6,0.8,0.334,30,0,10,10,30,10
"Cleveland Guardians","Slade Cecconi",2,0,1,0,0,0,2,0,1,0,0,0,0,0,0,0,0,0,0,6,6,3,0.5,0.5,1.333,1.833,0.768,33.33,0,16.67,0,16.67,0
"Cleveland Guardians","Tanner Bibee",7,20,6,4,4,2,2,4,3,0,1,0,0,0,0,0,0,0,0,53,49,9,0.184,0.245,0.408,0.653,0.285,13.21,7.55,5.66,37.74,18.87,3.77
"Cleveland Guardians","Tim Herrin",4,2,0,2,3,1,1,1,1,1,0,0,0,0,0,0,0,0,0,16,12,4,0.333,0.5,0.667,1.167,0.496,25,18.75,6.25,12.5,6.25,6.25
"Cleveland Guardians","Triston McKenzie",0,1,3,0,1,0,0,0,0,0,0,0,0,0,0,0,0,0,0,5,4,0,0,0.2,0,0.2,0.139,0,20,0,20,60,0
"Cleveland Guardians","Will Wilson",0,0,0,0,0,1,1,0,0,0,0,0,0,0,0,0,0,0,0,2,2,1,0.5,0.5,1,1.5,0.634,0,0,0,0,0,50
"Cleveland Guardians","Zak Kent",1,0,1,0,1,1,0,1,0,0,0,0,0,0,0,0,0,0,0,5,4,0,0,0.2,0,0.2,0.139,20,20,0,0,40,20
"Colorado Rockies","Alan Trejo",0,0,0,1,0,0,0,0,0,0,0,0,0,0,0,0,0,0,0,1,1,1,1,1,1,2,0.891,0,0,0,0,0,0
"Colorado Rockies","Angel Chivilli",1,11,3,7,1,2,0,0,1,0,0,0,0,0,0,0,0,0,0,26,25,8,0.32,0.346,0.44,0.786,0.346,3.85,3.85,3.85,42.31,11.54,7.69
"Colorado Rockies","Anthony Molina",0,1,0,0,0,0,0,0,0,0,0,0,0,0,0,0,0,0,0,1,1,0,0,0,0,0,0,0,0,0,100,0,0
"Colorado Rockies","Antonio Senzatela",5,8,5,14,2,3,3,3,3,0,2,0,0,0,0,0,0,0,0,48,46,20,0.435,0.458,0.696,1.154,0.498,10.42,4.17,6.25,16.67,16.67,6.25
"Colorado Rockies","Bradley Blalock",5,1,1,6,2,1,1,0,1,0,0,0,0,0,0,0,0,0,0,18,16,8,0.5,0.556,0.75,1.306,0.56,27.78,11.11,5.56,5.56,5.56,5.56
"Colorado Rockies","Carson Palmquist",0,0,0,2,0,1,1,0,0,0,0,0,0,0,0,0,0,0,0,4,4,3,0.75,0.75,1,1.75,0.762,0,0,0,0,0,25
"Colorado Rockies","Chase Dollander",4,10,7,5,7,2,1,2,3,1,0,0,0,0,0,0,0,0,0,42,34,9,0.265,0.405,0.559,0.964,0.418,9.52,16.67,7.14,23.81,21.43,4.76
"Colorado Rockies","German Marquez",6,6,9,9,4,2,3,2,1,0,0,0,1,0,1,0,0,0,0,44,40,14,0.35,0.409,0.55,0.959,0.416,13.64,9.09,2.27,13.64,25,4.55
"Colorado Rockies","Jacob Stallings",1,0,1,0,0,0,0,0,0,0,0,0,0,0,0,0,0,0,0,2,2,0,0,0,0,0,0,50,0,0,0,50,0
"Colorado Rockies","Jaden Hill",1,0,1,0,0,0,0,0,0,0,0,0,0,0,0,0,0,0,0,2,2,0,0,0,0,0,0,50,0,0,0,50,0
"Colorado Rockies","Jake Bird",4,6,2,4,3,0,3,1,0,0,0,0,0,0,0,0,0,0,0,23,20,7,0.35,0.435,0.5,0.935,0.411,17.39,13.04,0,26.09,13.04,0
"Colorado Rockies","Jimmy Herget",0,4,5,1,2,1,0,2,0,0,0,0,0,0,0,0,0,0,0,15,13,1,0.077,0.2,0.077,0.277,0.152,0,13.33,0,26.67,46.67,6.67
"Colorado Rockies","Juan Mejia",1,2,1,1,0,1,0,0,1,0,0,0,0,0,0,0,0,0,0,7,7,2,0.286,0.286,0.714,1,0.423,14.29,0,14.29,28.57,14.29,14.29
"Colorado Rockies","Kyle Freeland",6,14,6,11,0,3,2,1,1,1,1,0,1,0,0,0,0,0,0,47,46,15,0.326,0.34,0.478,0.818,0.356,12.77,0,2.13,29.79,14.89,6.38
"Colorado Rockies","Luis Peralta",1,0,2,0,1,3,0,1,1,0,0,0,0,0,0,0,0,0,0,9,8,1,0.125,0.222,0.5,0.722,0.308,11.11,11.11,11.11,0,33.33,33.33
"Colorado Rockies","Ryan Feltner",7,7,5,4,2,1,3,2,1,0,0,0,0,0,0,0,0,0,0,32,30,8,0.267,0.312,0.467,0.779,0.339,21.88,6.25,3.12,21.88,21.88,3.12
"Colorado Rockies","Ryan Rolison",1,1,1,0,0,0,0,1,0,0,0,0,0,0,0,0,0,0,0,4,4,0,0,0,0,0,0,25,0,0,25,50,0
"Colorado Rockies","Scott Alexander",1,3,2,2,0,0,2,1,0,1,0,0,0,0,0,0,0,0,0,12,11,4,0.364,0.417,0.545,0.962,0.42,8.33,0,0,25,25,0
"Colorado Rockies","Seth Halvorsen",3,5,1,4,2,0,2,0,0,0,0,0,0,0,0,0,0,0,0,17,15,6,0.4,0.471,0.533,1.004,0.441,17.65,11.76,0,29.41,5.88,0
"Colorado Rockies","Tanner Gordon",2,0,3,1,1,0,0,0,0,0,0,0,0,0,0,0,0,0,0,7,6,1,0.167,0.286,0.167,0.453,0.227,28.57,14.29,0,0,42.86,0
"Colorado Rockies","Tyler Kinley",7,2,2,3,2,0,1,0,0,0,0,0,0,1,1,0,0,0,0,19,16,4,0.25,0.368,0.312,0.68,0.296,36.84,10.53,0,10.53,10.53,0
"Colorado Rockies","Victor Vodnik",0,1,1,1,2,1,0,0,1,0,0,0,0,0,0,0,0,0,0,7,5,2,0.4,0.571,1,1.571,0.622,0,28.57,14.29,14.29,14.29,14.29
"Colorado Rockies","Zach Agnos",2,3,1,1,0,0,2,2,1,0,0,0,0,0,0,0,0,0,0,12,12,4,0.333,0.333,0.75,1.083,0.458,16.67,0,8.33,25,25,0
"Detroit Tigers","Bailey Horn",0,0,1,1,0,0,0,0,0,0,0,0,0,0,0,0,0,0,0,2,2,1,0.5,0.5,0.5,1,0.446,0,0,0,0,50,0
"Detroit Tigers","Beau Brieske",2,3,2,0,4,1,2,2,0,0,0,0,0,0,0,0,0,0,0,16,12,2,0.167,0.375,0.333,0.708,0.333,12.5,25,0,18.75,25,6.25
"Detroit Tigers","Brant Hurter",3,5,3,5,0,2,0,0,1,1,1,0,0,0,0,0,0,0,0,21,20,6,0.3,0.333,0.45,0.783,0.345,14.29,0,4.76,23.81,14.29,9.52
"Detroit Tigers","Brenan Hanifee",3,7,3,0,1,2,1,0,0,0,2,0,1,0,0,0,0,0,0,20,19,2,0.105,0.15,0.263,0.413,0.179,15,5,0,35,15,10
"Detroit Tigers","Casey Mize",13,10,6,6,2,3,0,1,1,0,2,0,0,0,0,0,0,0,0,44,42,7,0.167,0.205,0.238,0.443,0.2,29.55,4.55,2.27,22.73,15.91,6.82
"Detroit Tigers","Chase Lee",1,2,1,0,0,0,0,1,0,0,0,0,1,0,0,0,0,0,0,6,6,1,0.167,0.167,0.5,0.667,0.268,16.67,0,0,33.33,33.33,0
"Detroit Tigers","Jack Flaherty",11,7,7,10,5,2,4,1,3,0,0,0,0,0,0,0,0,0,0,50,45,17,0.378,0.44,0.667,1.107,0.474,22,10,6,14,16,4
"Detroit Tigers","Jackson Jobe",7,4,4,10,7,4,0,1,4,0,0,0,0,0,0,0,0,0,0,41,34,14,0.412,0.512,0.765,1.277,0.538,17.07,17.07,9.76,9.76,12.2,9.76
"Detroit Tigers","John Brebbia",1,2,1,0,2,1,1,2,1,1,0,0,0,0,0,0,0,0,0,12,9,2,0.222,0.417,0.667,1.084,0.455,8.33,16.67,8.33,16.67,25,8.33
"Detroit Tigers","Keider Montero",5,4,3,4,3,2,0,2,2,2,0,0,0,0,0,0,0,0,0,27,22,6,0.273,0.407,0.545,0.952,0.417,18.52,11.11,7.41,14.81,18.52,7.41
"Detroit Tigers","Kenta Maeda",1,2,1,1,1,1,1,0,1,0,0,0,0,0,0,0,0,0,0,9,8,3,0.375,0.444,0.875,1.319,0.548,11.11,11.11,11.11,22.22,11.11,11.11
"Detroit Tigers","Reese Olson",16,10,7,6,4,2,2,2,0,1,1,0,0,0,0,0,0,0,0,51,46,8,0.174,0.255,0.217,0.472,0.223,31.37,7.84,0,19.61,17.65,3.92
"Detroit Tigers","Sean Guenther",1,3,1,2,0,0,0,1,0,0,0,0,0,0,0,0,0,0,1,9,9,2,0.222,0.222,0.222,0.444,0.198,11.11,0,0,33.33,22.22,0
"Detroit Tigers","Tarik Skubal",15,12,12,8,0,2,1,2,3,0,0,0,0,0,0,0,0,0,0,55,55,12,0.218,0.218,0.4,0.618,0.266,27.27,0,5.45,21.82,25.45,3.64
"Detroit Tigers","Tommy Kahnle",3,5,2,1,0,0,1,0,1,1,1,0,0,0,0,0,0,0,0,15,14,3,0.214,0.267,0.5,0.767,0.331,20,0,6.67,33.33,13.33,0
"Detroit Tigers","Tyler Holton",4,6,2,5,1,1,0,0,1,0,0,0,0,0,0,0,0,0,0,20,19,6,0.316,0.35,0.474,0.824,0.361,20,5,5,30,10,5
"Detroit Tigers","Tyler Owens",1,1,0,0,0,0,0,0,0,0,0,0,0,0,0,0,0,0,0,2,2,0,0,0,0,0,0,50,0,0,50,0,0
"Detroit Tigers","Will Vest",5,6,1,3,1,2,0,1,0,0,0,0,0,0,0,0,0,0,0,19,18,3,0.167,0.211,0.167,0.378,0.177,26.32,5.26,0,31.58,10.53,10.53
"Houston Astros","AJ Blubaugh",1,0,1,2,0,0,0,0,0,0,0,0,0,0,0,0,0,0,0,4,4,2,0.5,0.5,0.5,1,0.446,25,0,0,0,25,0
"Houston Astros","Bennett Sousa",4,0,1,3,1,1,0,0,0,0,0,0,0,0,0,0,0,0,0,10,9,3,0.333,0.4,0.333,0.733,0.337,40,10,0,0,10,10
"Houston Astros","Bryan Abreu",5,3,1,2,4,2,1,0,0,0,0,0,0,0,1,0,0,0,0,19,15,3,0.2,0.368,0.267,0.635,0.307,26.32,21.05,0,15.79,5.26,10.53
"Houston Astros","Bryan King",6,4,2,3,0,2,0,0,0,0,0,0,0,0,1,0,0,0,0,18,18,3,0.167,0.167,0.167,0.334,0.148,33.33,0,0,22.22,11.11,11.11
"Houston Astros","Colton Gordon",1,0,2,0,1,0,0,0,1,0,0,0,0,0,0,0,0,0,0,5,4,1,0.25,0.4,1,1.4,0.554,20,20,20,0,40,0
"Houston Astros","Forrest Whitley",0,1,0,0,0,1,0,0,0,0,0,0,0,0,0,0,0,0,0,2,2,0,0,0,0,0,0,0,0,0,50,0,50
"Houston Astros","Framber Valdez",19,14,7,12,3,5,1,0,1,1,0,0,1,0,0,0,0,0,0,64,60,15,0.25,0.297,0.35,0.647,0.288,29.69,4.69,1.56,21.88,10.94,7.81
"Houston Astros","Hayden Wesneski",7,9,4,3,1,3,1,2,3,0,0,0,0,0,0,0,0,0,0,33,32,7,0.219,0.242,0.531,0.773,0.329,21.21,3.03,9.09,27.27,18.18,9.09
"Houston Astros","Hunter Brown",21,12,5,7,3,2,3,2,1,0,0,0,1,0,0,0,0,0,0,57,54,12,0.222,0.263,0.37,0.633,0.277,36.84,5.26,1.75,21.05,12.28,3.51
"Houston Astros","Josh Hader",8,2,2,2,2,1,1,2,0,0,0,0,0,0,0,0,0,0,0,20,18,3,0.167,0.25,0.222,0.472,0.222,40,10,0,10,20,5
"Houston Astros","Kaleb Ort",1,2,3,1,0,0,0,1,0,0,0,0,0,0,0,0,0,0,0,8,8,1,0.125,0.125,0.125,0.25,0.111,12.5,0,0,25,50,0
"Houston Astros","Lance McCullers Jr.",2,3,0,0,1,1,1,1,0,0,0,0,0,0,0,0,0,0,0,9,8,1,0.125,0.222,0.25,0.472,0.218,22.22,11.11,0,33.33,11.11,11.11
"Houston Astros","Logan VanWey",1,0,3,2,0,2,0,1,0,0,0,0,0,0,0,0,0,0,0,9,9,2,0.222,0.222,0.222,0.444,0.198,11.11,0,0,0,44.44,22.22
"Houston Astros","Luis Contreras",0,0,1,2,2,1,0,1,1,0,0,0,0,0,0,0,0,0,0,8,6,3,0.5,0.625,1,1.625,0.656,0,25,12.5,0,25,12.5
"Houston Astros","Rafael Montero",2,0,2,0,0,0,0,0,0,0,0,0,0,0,0,0,0,0,0,4,4,0,0,0,0,0,0,50,0,0,0,50,0
"Houston Astros","Ronel Blanco",10,12,9,3,7,3,2,3,1,0,0,0,0,0,0,0,0,0,0,50,43,6,0.14,0.26,0.256,0.516,0.243,20,14,2,24,24,6
"Houston Astros","Ryan Gusto",6,5,8,4,3,0,2,3,2,0,0,0,0,0,0,0,0,0,0,33,30,8,0.267,0.333,0.533,0.866,0.374,18.18,9.09,6.06,15.15,33.33,0
"Houston Astros","Shawn Dubin",2,0,1,0,0,0,0,0,0,0,0,0,0,0,0,0,0,0,0,3,3,0,0,0,0,0,0,66.67,0,0,0,33.33,0
"Houston Astros","Spencer Arrighetti",2,1,3,0,2,0,0,1,0,1,0,0,0,0,0,0,0,0,0,10,7,0,0,0.3,0,0.3,0.212,20,20,0,10,40,0
"Houston Astros","Steven Okert",4,4,2,1,1,0,2,4,0,1,0,0,0,0,0,0,0,0,0,19,17,3,0.176,0.263,0.294,0.557,0.255,21.05,5.26,0,21.05,31.58,0
"Houston Astros","Tayler Scott",5,2,3,2,4,1,2,0,0,0,0,0,0,0,0,0,0,0,0,19,15,4,0.267,0.421,0.4,0.821,0.374,26.32,21.05,0,10.53,15.79,5.26
"Kansas City Royals","Angel Zerpa",4,8,0,2,2,0,2,0,0,1,0,0,0,0,0,0,0,0,0,19,16,4,0.25,0.368,0.375,0.743,0.339,21.05,10.53,0,42.11,0,0
"Kansas City Royals","Carlos Estevez",3,3,4,2,2,2,2,2,0,0,0,0,0,0,0,0,0,0,0,20,18,4,0.222,0.3,0.333,0.633,0.286,15,10,0,15,30,10
"Kansas City Royals","Chris Stratton",5,2,3,4,0,0,1,0,1,0,0,0,0,0,0,0,0,0,0,16,16,6,0.375,0.375,0.625,1,0.432,31.25,0,6.25,12.5,18.75,0
"Kansas City Royals","Cole Ragans",22,10,4,5,3,1,2,1,1,0,0,0,0,0,0,0,0,0,0,49,46,8,0.174,0.224,0.283,0.507,0.228,44.9,6.12,2.04,20.41,10.2,2.04
"Kansas City Royals","Daniel Lynch IV",0,7,4,1,4,0,2,1,0,0,0,0,0,0,0,0,0,0,0,19,15,3,0.2,0.368,0.333,0.701,0.327,0,21.05,0,36.84,26.32,0
"Kansas City Royals","Evan Sisk",0,1,0,1,0,0,0,0,0,0,0,0,0,0,0,0,0,0,0,2,2,1,0.5,0.5,0.5,1,0.446,0,0,0,50,0,0
"Kansas City Royals","Hunter Harvey",1,2,1,1,0,0,0,0,0,0,0,0,0,0,0,0,0,0,0,5,5,1,0.2,0.2,0.2,0.4,0.178,20,0,0,40,20,0
"Kansas City Royals","John Schreiber",3,3,1,2,1,2,0,0,4,0,0,0,0,0,0,0,0,0,0,16,15,6,0.4,0.438,1.2,1.638,0.673,18.75,6.25,25,18.75,6.25,12.5
"Kansas City Royals","Jonathan Bowlan",1,0,0,0,0,0,0,1,0,0,0,0,0,0,0,0,0,0,0,2,2,0,0,0,0,0,0,50,0,0,0,50,0
"Kansas City Royals","Kris Bubic",13,11,4,8,5,2,3,7,1,1,1,0,0,0,0,0,0,0,0,56,50,12,0.24,0.321,0.36,0.681,0.307,23.21,8.93,1.79,19.64,19.64,3.57
"Kansas City Royals","Lucas Erceg",2,5,2,1,1,0,0,4,0,1,0,0,0,0,0,0,0,0,0,16,14,1,0.071,0.188,0.071,0.259,0.145,12.5,6.25,0,31.25,37.5,0
"Kansas City Royals","Michael Lorenzen",9,13,13,8,2,5,2,1,2,0,0,0,0,0,0,0,0,0,0,55,53,12,0.226,0.255,0.377,0.632,0.276,16.36,3.64,3.64,23.64,25.45,9.09
"Kansas City Royals","Michael Wacha",9,16,9,11,1,5,3,4,1,0,1,0,0,0,0,0,0,0,0,60,59,15,0.254,0.267,0.356,0.623,0.273,15,1.67,1.67,26.67,21.67,8.33
"Kansas City Royals","Noah Cameron",0,4,2,0,0,2,0,2,1,0,2,0,0,0,0,0,0,0,1,14,14,1,0.071,0.071,0.286,0.357,0.148,0,0,7.14,28.57,28.57,14.29
"Kansas City Royals","Sam Long",2,1,0,1,1,0,1,0,1,0,0,0,0,0,0,0,0,0,0,7,6,3,0.5,0.571,1.167,1.738,0.704,28.57,14.29,14.29,14.29,0,0
"Kansas City Royals","Seth Lugo",12,12,8,10,5,5,2,3,1,0,0,0,0,0,0,0,0,0,0,58,53,13,0.245,0.31,0.34,0.65,0.293,20.69,8.62,1.72,20.69,18.97,8.62
"Kansas City Royals","Steven Cruz",2,4,0,0,0,3,1,0,0,0,0,0,0,0,1,0,0,0,0,11,11,1,0.091,0.091,0.182,0.273,0.115,18.18,0,0,36.36,0,27.27
"Kansas City Royals","Taylor Clarke",0,1,2,1,0,1,0,0,0,0,0,0,0,0,0,0,0,0,0,5,5,1,0.2,0.2,0.2,0.4,0.178,0,0,0,20,40,20
"Los Angeles Angels","Ben Joyce",0,1,1,1,0,0,0,0,1,0,0,0,0,0,0,0,0,0,0,4,4,2,0.5,0.5,1.25,1.75,0.741,0,0,25,25,25,0
"Los Angeles Angels","Brock Burke",1,4,3,1,1,0,0,0,1,1,0,0,2,0,0,0,0,0,0,14,12,4,0.333,0.429,0.917,1.346,0.543,7.14,7.14,7.14,28.57,21.43,0
"Los Angeles Angels","Caden Dana",0,1,0,1,0,0,0,1,0,0,0,0,0,0,0,0,0,0,0,3,3,1,0.333,0.333,0.333,0.666,0.297,0,0,0,33.33,33.33,0
"Los Angeles Angels","Carl Edwards Jr.",0,1,0,0,1,0,0,0,0,0,0,0,0,0,0,0,0,0,0,2,1,0,0,0.5,0,0.5,0.348,0,50,0,50,0,0
"Los Angeles Angels","Connor Brogdon",1,0,0,2,1,0,0,0,0,0,0,0,0,0,0,0,0,0,0,4,3,2,0.667,0.75,0.667,1.417,0.62,25,25,0,0,0,0
"Los Angeles Angels","Garrett McDaniels",1,2,1,2,3,0,0,0,0,0,0,0,0,0,0,0,0,0,0,9,6,2,0.333,0.556,0.333,0.889,0.43,11.11,33.33,0,22.22,11.11,0
"Los Angeles Angels","Hector Neris",1,0,0,0,1,0,0,0,0,0,0,0,0,0,0,0,0,0,0,2,1,0,0,0.5,0,0.5,0.348,50,50,0,0,0,0
"Los Angeles Angels","Ian Anderson",2,2,1,3,2,1,0,0,0,0,0,0,0,0,0,0,0,0,0,11,9,3,0.333,0.455,0.333,0.788,0.37,18.18,18.18,0,18.18,9.09,9.09
"Los Angeles Angels","Jack Kochanowicz",12,17,4,9,3,2,0,1,3,0,0,0,0,0,0,0,0,0,0,51,48,12,0.25,0.294,0.438,0.732,0.32,23.53,5.88,5.88,33.33,9.8,3.92
"Los Angeles Angels","Jake Eder",0,0,0,1,0,0,0,0,0,0,0,0,0,0,0,0,0,0,0,1,1,1,1,1,1,2,0.891,0,0,0,0,0,0
"Los Angeles Angels","Jose Fermin",2,0,3,1,2,0,0,0,0,0,0,0,0,0,0,0,0,0,0,8,6,1,0.167,0.375,0.167,0.542,0.286,25,25,0,0,37.5,0
"Los Angeles Angels","Jose Soriano",11,19,0,14,5,1,1,2,0,0,1,0,0,0,1,0,0,0,0,55,50,15,0.3,0.364,0.32,0.684,0.313,20,9.09,0,34.55,3.64,1.82
"Los Angeles Angels","Kenley Jansen",3,0,3,2,1,0,1,2,1,0,0,0,0,0,0,0,0,0,0,13,12,4,0.333,0.385,0.667,1.052,0.448,23.08,7.69,7.69,0,38.46,0
"Los Angeles Angels","Kyle Hendricks",8,15,5,5,5,0,2,4,0,0,0,0,0,0,0,0,0,0,0,44,39,7,0.179,0.273,0.231,0.504,0.238,18.18,11.36,0,34.09,20.45,0
"Los Angeles Angels","Michael Darrell-Hicks",1,1,2,1,0,0,0,1,0,0,1,0,0,0,0,0,0,0,0,7,7,1,0.143,0.143,0.143,0.286,0.127,14.29,0,0,14.29,42.86,0
"Los Angeles Angels","Reid Detmers",3,5,3,2,2,1,2,0,0,0,0,0,0,0,0,0,0,0,0,18,16,4,0.25,0.333,0.375,0.708,0.317,16.67,11.11,0,27.78,16.67,5.56
"Los Angeles Angels","Ryan Johnson",5,2,2,5,0,0,0,0,0,0,0,0,0,0,0,0,0,0,0,14,14,5,0.357,0.357,0.357,0.714,0.318,35.71,0,0,14.29,14.29,0
"Los Angeles Angels","Ryan Zeferjahn",3,5,1,2,1,1,1,0,1,0,0,0,0,0,0,0,0,0,0,15,14,4,0.286,0.333,0.571,0.904,0.388,20,6.67,6.67,33.33,6.67,6.67
"Los Angeles Angels","Shaun Anderson",1,1,2,3,0,0,0,0,0,0,0,0,0,0,0,0,0,0,0,7,7,3,0.429,0.429,0.429,0.858,0.382,14.29,0,0,14.29,28.57,0
"Los Angeles Angels","Touki Toussaint",1,0,1,0,0,0,0,0,0,0,0,0,0,0,0,0,0,0,0,2,2,0,0,0,0,0,0,50,0,0,0,50,0
"Los Angeles Angels","Tyler Anderson",11,10,12,1,0,3,2,4,6,0,2,0,0,0,0,0,0,0,0,51,51,9,0.176,0.176,0.569,0.745,0.311,21.57,0,11.76,19.61,31.37,5.88
"Los Angeles Angels","Victor Mederos",0,1,0,0,2,0,0,0,0,0,0,0,0,0,0,0,0,0,0,3,1,0,0,0.667,0,0.667,0.465,0,66.67,0,33.33,0,0
"Los Angeles Angels","Yusei Kikuchi",14,10,9,7,6,3,0,3,4,0,0,0,0,0,0,0,0,0,0,56,50,11,0.22,0.304,0.46,0.764,0.334,25,10.71,7.14,17.86,21.43,5.36
"Los Angeles Dodgers","Alex Vesia",8,0,4,1,2,0,1,2,1,0,0,0,0,0,0,0,0,0,0,19,17,3,0.176,0.263,0.412,0.675,0.296,42.11,10.53,5.26,0,31.58,0
"Los Angeles Dodgers","Anthony Banda",7,3,7,4,0,0,0,1,0,0,0,0,0,0,0,0,0,0,0,22,22,4,0.182,0.182,0.182,0.364,0.162,31.82,0,0,13.64,36.36,0
"Los Angeles Dodgers","Ben Casparius",7,6,3,3,2,4,3,2,1,0,0,0,0,0,0,0,0,0,0,31,29,7,0.241,0.29,0.448,0.738,0.321,22.58,6.45,3.23,19.35,16.13,12.9
"Los Angeles Dodgers","Blake Snell",0,2,1,1,2,2,0,0,0,0,1,0,0,0,0,0,0,0,0,9,7,1,0.143,0.333,0.143,0.476,0.254,0,22.22,0,22.22,11.11,22.22
"Los Angeles Dodgers","Blake Treinen",2,1,1,3,0,0,1,0,0,0,0,0,0,0,0,0,0,0,0,8,8,4,0.5,0.5,0.625,1.125,0.493,25,0,0,12.5,12.5,0
"Los Angeles Dodgers","Bobby Miller",0,0,1,2,0,0,0,0,0,0,0,0,0,0,0,0,0,0,0,3,3,2,0.667,0.667,0.667,1.334,0.594,0,0,0,0,33.33,0
"Los Angeles Dodgers","Clayton Kershaw",1,2,0,0,0,0,0,0,1,0,0,0,0,0,0,0,0,0,0,4,4,1,0.25,0.25,1,1.25,0.518,25,0,25,50,0,0
"Los Angeles Dodgers","Dustin May",9,12,5,6,7,3,2,1,0,0,0,0,1,0,0,0,0,0,0,46,39,9,0.231,0.348,0.333,0.681,0.312,19.57,15.22,0,26.09,13.04,6.52
"Los Angeles Dodgers","Enrique Hernandez",0,1,0,0,0,0,0,0,0,0,0,0,0,0,0,0,0,0,0,1,1,0,0,0,0,0,0,0,0,0,100,0,0
"Los Angeles Dodgers","Evan Phillips",2,0,0,2,0,1,0,0,0,0,0,0,0,0,0,0,0,0,0,5,5,2,0.4,0.4,0.4,0.8,0.356,40,0,0,0,0,20
"Los Angeles Dodgers","J.P. Feyereisen",1,0,0,0,0,0,0,0,1,0,0,0,0,1,0,0,0,0,0,3,2,1,0.5,0.667,2,2.667,1.036,33.33,0,33.33,0,0,0
"Los Angeles Dodgers","Jack Dreyer",6,7,2,1,2,0,2,3,0,0,0,0,2,0,0,0,0,0,0,25,23,5,0.217,0.28,0.478,0.758,0.321,24,8,0,28,20,0
"Los Angeles Dodgers","Justin Wrobleski",2,2,0,3,0,0,1,1,0,0,0,0,0,0,0,0,0,0,0,9,9,4,0.444,0.444,0.556,1,0.438,22.22,0,0,22.22,11.11,0
"Los Angeles Dodgers","Kirby Yates",7,3,1,0,2,1,2,0,1,1,0,0,0,0,0,0,0,0,0,18,15,3,0.2,0.333,0.533,0.866,0.374,38.89,11.11,5.56,16.67,5.56,5.56
"Los Angeles Dodgers","Landon Knack",2,4,1,4,2,4,2,1,1,0,0,0,0,0,0,0,0,0,0,21,19,7,0.368,0.429,0.632,1.061,0.456,9.52,9.52,4.76,19.05,9.52,19.05
"Los Angeles Dodgers","Lou Trivino",0,2,0,0,0,0,0,0,0,0,0,0,0,0,0,0,0,0,0,2,2,0,0,0,0,0,0,0,0,0,100,0,0
"Los Angeles Dodgers","Luis Garci­a",4,7,1,3,2,1,2,0,0,0,0,0,1,0,0,0,0,0,0,21,19,6,0.316,0.381,0.526,0.907,0.391,19.05,9.52,0,33.33,4.76,4.76
"Los Angeles Dodgers","Matt Sauer",4,5,0,3,1,0,0,1,0,0,0,0,0,0,0,0,0,0,0,14,13,3,0.231,0.286,0.231,0.517,0.241,28.57,7.14,0,35.71,7.14,0
"Los Angeles Dodgers","Miguel Rojas",0,0,1,0,0,0,1,0,0,0,0,0,0,0,0,0,0,0,0,2,2,1,0.5,0.5,1,1.5,0.634,0,0,0,0,50,0
"Los Angeles Dodgers","Noah Davis",0,1,0,1,1,0,0,0,0,0,0,0,0,0,0,0,0,0,0,3,2,1,0.5,0.667,0.5,1.167,0.529,0,33.33,0,33.33,0,0
"Los Angeles Dodgers","Roki Sasaki",7,7,6,4,7,2,1,0,3,0,0,0,0,0,0,0,0,0,0,37,30,8,0.267,0.405,0.6,1.005,0.43,18.92,18.92,8.11,18.92,16.22,5.41
"Los Angeles Dodgers","Ryan Loutos",0,0,0,1,0,0,0,0,0,0,0,0,0,0,0,0,0,0,0,1,1,1,1,1,1,2,0.891,0,0,0,0,0,0
"Los Angeles Dodgers","Tanner Scott",4,5,0,6,0,2,0,1,1,0,0,0,1,0,0,0,0,0,0,20,20,8,0.4,0.4,0.65,1.05,0.451,20,0,5,25,5,10
"Los Angeles Dodgers","Tony Gonsolin",4,3,3,4,1,1,0,3,1,0,0,0,0,0,0,0,0,0,0,20,19,5,0.263,0.3,0.421,0.721,0.317,20,5,5,15,30,5
"Los Angeles Dodgers","Tyler Glasnow",7,2,2,1,5,1,0,0,1,0,0,0,0,0,0,0,0,0,0,19,14,2,0.143,0.368,0.357,0.725,0.339,36.84,26.32,5.26,10.53,10.53,5.26
"Los Angeles Dodgers","Yoendrys Gomez",3,0,0,2,0,0,0,0,0,0,0,0,0,0,0,0,0,0,0,5,5,2,0.4,0.4,0.4,0.8,0.356,60,0,0,0,0,0
"Los Angeles Dodgers","Yoshinobu Yamamoto",16,14,4,4,9,1,0,1,1,0,1,0,0,0,0,0,0,0,0,51,42,5,0.119,0.275,0.19,0.465,0.234,31.37,17.65,1.96,27.45,9.8,1.96
"Miami Marlins","Anthony Bender",4,4,3,1,3,0,0,0,0,0,1,0,0,0,0,0,0,0,0,16,13,1,0.077,0.25,0.077,0.327,0.186,25,18.75,0,25,18.75,0
"Miami Marlins","Anthony Veneziano",1,7,0,1,3,0,0,1,1,0,0,0,1,0,0,0,0,0,0,15,12,3,0.25,0.4,0.667,1.067,0.444,6.67,20,6.67,46.67,6.67,0
"Miami Marlins","Cade Gibson",1,5,1,1,0,1,0,1,0,0,1,0,0,0,0,0,0,0,0,11,11,1,0.091,0.091,0.091,0.182,0.081,9.09,0,0,45.45,18.18,9.09
"Miami Marlins","Cal Quantrill",13,4,8,7,6,3,3,0,0,0,0,0,0,0,0,0,0,0,0,44,38,10,0.263,0.364,0.342,0.706,0.323,29.55,13.64,0,9.09,18.18,6.82
"Miami Marlins","Calvin Faucher",3,5,2,2,1,1,0,0,0,0,0,0,0,0,0,0,0,0,0,14,13,2,0.154,0.214,0.154,0.368,0.177,21.43,7.14,0,35.71,14.29,7.14
"Miami Marlins","Connor Gillispie",5,6,2,2,3,1,1,2,3,1,1,0,0,0,0,0,0,0,0,27,23,6,0.261,0.37,0.696,1.066,0.448,18.52,11.11,11.11,22.22,14.81,3.7
"Miami Marlins","Edward Cabrera",7,8,4,5,3,3,0,1,1,0,0,0,0,0,0,0,0,0,0,32,29,6,0.207,0.281,0.31,0.591,0.269,21.88,9.38,3.12,25,15.62,9.38
"Miami Marlins","George Soriano",3,1,0,2,3,4,0,0,1,1,0,0,1,0,0,0,0,0,0,16,12,4,0.333,0.5,0.75,1.25,0.518,18.75,18.75,6.25,6.25,0,25
"Miami Marlins","Javier Sanoja",0,1,0,1,1,0,0,0,0,0,0,0,0,0,0,0,0,0,0,3,2,1,0.5,0.667,0.5,1.167,0.529,0,33.33,0,33.33,0,0
"Miami Marlins","Jesus Tinoco",4,1,1,3,0,2,1,2,0,0,1,0,0,0,0,0,0,0,0,15,15,4,0.267,0.267,0.333,0.6,0.263,26.67,0,0,6.67,20,13.33
"Miami Marlins","Lake Bachar",5,2,3,3,3,3,0,0,0,1,0,0,1,1,0,0,0,0,0,22,17,4,0.235,0.409,0.353,0.762,0.338,22.73,13.64,0,9.09,13.64,13.64
"Miami Marlins","Luarbert Arias",0,2,2,1,1,0,0,1,1,1,0,0,1,0,0,0,0,0,0,10,8,3,0.375,0.5,1,1.5,0.6,0,10,10,20,30,0
"Miami Marlins","Max Meyer",15,12,5,9,1,0,3,3,5,0,0,0,0,0,0,0,0,0,0,53,52,17,0.327,0.34,0.673,1.013,0.432,28.3,1.89,9.43,22.64,15.09,0
"Miami Marlins","Patrick Monteverde",2,0,1,0,0,0,0,0,0,0,0,0,0,0,0,0,0,0,0,3,3,0,0,0,0,0,0,66.67,0,0,0,33.33,0
"Miami Marlins","Ronny Henriquez",5,3,3,5,2,0,0,1,1,0,0,0,0,0,0,0,0,0,0,20,18,6,0.333,0.4,0.5,0.9,0.396,25,10,5,15,20,0
"Miami Marlins","Ryan Weathers",2,1,0,1,0,0,0,0,1,0,0,0,0,0,0,0,0,0,0,5,5,2,0.4,0.4,1,1.4,0.593,40,0,20,20,0,0
"Miami Marlins","Sandy Alcantara",9,9,7,5,5,2,3,0,3,0,0,0,0,0,0,0,0,0,0,43,38,11,0.289,0.372,0.605,0.977,0.418,20.93,11.63,6.98,20.93,16.28,4.65
"Miami Marlins","Tyler Phillips",4,4,8,3,1,2,0,1,0,0,1,0,0,0,0,0,0,0,0,24,23,3,0.13,0.167,0.13,0.297,0.14,16.67,4.17,0,16.67,37.5,8.33
"Miami Marlins","Valente Bellozo",4,5,5,4,3,0,0,3,0,1,0,0,0,0,0,0,0,0,0,25,21,4,0.19,0.32,0.19,0.51,0.255,16,12,0,20,32,0
"Miami Marlins","Xzavion Curry",1,0,0,1,1,0,0,0,0,0,0,0,0,0,0,0,0,0,0,3,2,1,0.5,0.667,0.5,1.167,0.529,33.33,33.33,0,0,0,0
"Milwaukee Brewers","Aaron Civale",1,1,0,1,0,0,0,0,0,0,0,0,0,0,0,0,0,0,0,3,3,1,0.333,0.333,0.333,0.666,0.297,33.33,0,0,33.33,0,0
"Milwaukee Brewers","Abner Uribe",7,6,0,1,4,0,0,0,0,0,0,0,0,0,0,0,0,0,0,18,14,1,0.071,0.278,0.071,0.349,0.204,38.89,22.22,0,33.33,0,0
"Milwaukee Brewers","Bryan Hudson",1,2,2,2,3,0,0,0,0,1,0,0,0,0,0,0,0,0,0,11,7,2,0.286,0.545,0.286,0.831,0.418,9.09,27.27,0,18.18,18.18,0
"Milwaukee Brewers","Chad Patrick",9,3,9,9,5,4,6,4,2,1,0,0,0,0,0,0,0,0,0,52,46,17,0.37,0.442,0.63,1.072,0.461,17.31,9.62,3.85,5.77,25,7.69
"Milwaukee Brewers","Connor Thomas",1,0,0,1,1,0,1,1,0,0,0,0,0,0,0,0,0,0,0,5,4,2,0.5,0.6,0.75,1.35,0.571,20,20,0,0,20,0
"Milwaukee Brewers","Craig Yoho",3,0,1,1,0,0,0,0,0,0,0,0,0,0,0,0,0,0,0,5,5,1,0.2,0.2,0.2,0.4,0.178,60,0,0,0,20,0
"Milwaukee Brewers","Elvin Rodriguez",3,2,4,2,2,1,1,2,2,0,0,0,0,0,0,0,0,0,0,19,17,5,0.294,0.368,0.706,1.074,0.452,15.79,10.53,10.53,10.53,31.58,5.26
"Milwaukee Brewers","Elvis Peguero",2,2,1,0,0,0,0,0,1,1,0,0,0,0,0,0,0,0,0,7,6,1,0.167,0.286,0.667,0.953,0.4,28.57,0,14.29,28.57,14.29,0
"Milwaukee Brewers","Freddy Peralta",18,12,8,7,3,3,1,5,1,0,0,0,0,0,0,0,0,0,0,58,55,9,0.164,0.207,0.236,0.443,0.201,31.03,5.17,1.72,20.69,22.41,5.17
"Milwaukee Brewers","Grant Anderson",5,4,6,2,2,1,2,1,1,0,1,0,0,0,0,0,0,0,0,25,23,5,0.217,0.28,0.435,0.715,0.311,20,8,4,16,28,4
"Milwaukee Brewers","Jake Bauers",0,0,1,0,0,0,0,2,0,1,0,0,0,0,0,0,0,0,0,4,3,0,0,0.25,0,0.25,0.182,0,0,0,0,75,0
"Milwaukee Brewers","Jared Koenig",3,1,5,3,3,1,0,1,0,0,1,1,0,0,0,0,0,0,0,19,15,3,0.2,0.333,0.2,0.533,0.265,15.79,15.79,0,5.26,31.58,5.26
"Milwaukee Brewers","Joel Payamps",2,4,2,2,0,3,2,0,1,0,0,0,1,0,0,0,0,0,0,17,17,6,0.353,0.353,0.765,1.118,0.47,11.76,0,5.88,23.53,11.76,17.65
"Milwaukee Brewers","Jose Quintana",5,5,5,7,4,5,1,2,1,0,0,0,0,0,0,0,0,0,0,35,31,9,0.29,0.371,0.419,0.79,0.353,14.29,11.43,2.86,14.29,20,14.29
"Milwaukee Brewers","Logan Henderson",5,1,2,0,1,0,0,1,1,0,0,0,0,0,0,0,0,0,0,11,10,1,0.1,0.182,0.4,0.582,0.252,45.45,9.09,9.09,9.09,27.27,0
"Milwaukee Brewers","Nestor Cortes",0,2,1,0,3,2,0,0,1,0,0,0,0,0,0,0,0,0,0,9,6,1,0.167,0.444,0.667,1.111,0.463,0,33.33,11.11,22.22,11.11,22.22
"Milwaukee Brewers","Nick Mears",2,2,3,1,1,1,1,0,0,0,0,0,0,0,0,0,0,0,0,11,10,2,0.2,0.273,0.3,0.573,0.26,18.18,9.09,0,18.18,27.27,9.09
"Milwaukee Brewers","Quinn Priester",7,7,3,5,8,1,3,0,1,0,0,0,0,0,0,0,0,0,0,35,27,9,0.333,0.486,0.556,1.042,0.454,20,22.86,2.86,20,8.57,2.86
"Milwaukee Brewers","Rob Zastryzny",0,1,0,1,0,0,0,0,0,0,0,0,0,0,0,0,0,0,0,2,2,1,0.5,0.5,0.5,1,0.446,0,0,0,50,0,0
"Milwaukee Brewers","Tobias Myers",1,5,4,4,2,1,2,1,1,0,0,0,0,0,0,0,0,0,0,21,19,7,0.368,0.429,0.632,1.061,0.456,4.76,9.52,4.76,23.81,23.81,4.76
"Milwaukee Brewers","Trevor Megill",5,2,1,1,0,3,0,0,0,0,0,0,0,0,0,0,0,0,0,12,12,1,0.083,0.083,0.083,0.166,0.074,41.67,0,0,16.67,8.33,25
"Milwaukee Brewers","Tyler Alexander",7,1,10,4,4,3,2,2,0,0,0,0,0,0,0,0,0,0,0,33,29,6,0.207,0.303,0.276,0.579,0.269,21.21,12.12,0,3.03,36.36,9.09
"Minnesota Twins","Bailey Ober",7,6,13,12,3,3,1,1,2,1,1,0,0,0,0,0,0,0,0,50,46,15,0.326,0.38,0.478,0.858,0.378,14,6,4,12,28,6
"Minnesota Twins","Brock Stewart",2,1,1,1,2,0,0,0,0,1,0,0,0,0,0,0,0,0,0,8,5,1,0.2,0.5,0.2,0.7,0.377,25,25,0,12.5,12.5,0
"Minnesota Twins","Chris Paddack",8,5,10,9,6,2,0,6,2,1,0,0,0,0,0,0,0,0,0,49,42,11,0.262,0.367,0.405,0.772,0.348,16.33,12.24,4.08,10.2,32.65,4.08
"Minnesota Twins","Cole Sands",6,3,2,1,2,0,2,0,0,0,0,0,0,0,0,0,0,0,0,16,14,3,0.214,0.312,0.357,0.669,0.301,37.5,12.5,0,18.75,12.5,0
"Minnesota Twins","Danny Coulombe",5,2,1,2,0,2,0,2,0,0,0,0,0,0,0,0,0,0,0,14,14,2,0.143,0.143,0.143,0.286,0.127,35.71,0,0,14.29,21.43,14.29
"Minnesota Twins","Darren McCaughan",2,0,0,1,0,1,0,0,0,0,1,0,0,0,0,0,0,0,0,5,5,1,0.2,0.2,0.2,0.4,0.178,40,0,0,0,0,20
"Minnesota Twins","David Festa",1,4,3,3,2,1,1,0,0,0,0,0,0,0,0,0,0,0,0,15,13,4,0.308,0.4,0.385,0.785,0.356,6.67,13.33,0,26.67,20,6.67
"Minnesota Twins","Griffin Jax",9,3,2,4,0,2,0,1,0,0,0,0,0,0,0,0,0,0,0,21,21,4,0.19,0.19,0.19,0.38,0.17,42.86,0,0,14.29,14.29,9.52
"Minnesota Twins","Jhoan Duran",3,10,2,4,0,2,0,0,0,0,1,0,0,0,0,0,0,0,0,22,22,4,0.182,0.182,0.182,0.364,0.162,13.64,0,0,45.45,9.09,9.09
"Minnesota Twins","Joe Ryan",18,6,9,3,1,3,3,3,2,3,1,0,0,0,0,0,0,0,0,52,48,8,0.167,0.231,0.354,0.585,0.26,34.62,1.92,3.85,11.54,23.08,5.77
"Minnesota Twins","Jorge Alcala",5,3,1,2,4,0,1,2,1,0,0,0,0,0,0,0,0,0,0,19,15,4,0.267,0.421,0.533,0.954,0.416,26.32,21.05,5.26,15.79,15.79,0
"Minnesota Twins","Justin Topa",3,5,1,3,1,0,0,0,0,0,1,0,0,0,0,0,0,0,0,14,13,3,0.231,0.286,0.231,0.517,0.241,21.43,7.14,0,35.71,7.14,0
"Minnesota Twins","Kody Funderburk",2,3,0,1,0,1,0,0,0,0,0,0,0,0,0,0,0,0,0,7,7,1,0.143,0.143,0.143,0.286,0.127,28.57,0,0,42.86,0,14.29
"Minnesota Twins","Louis Varland",9,5,3,1,0,0,0,0,2,0,0,1,0,0,0,0,0,0,0,21,20,3,0.15,0.15,0.45,0.6,0.252,42.86,0,9.52,23.81,14.29,0
"Minnesota Twins","Pablo Lopez",11,7,12,7,2,1,1,3,0,1,1,0,0,0,0,0,0,0,0,46,43,8,0.186,0.239,0.209,0.448,0.209,23.91,4.35,0,15.22,32.61,2.17
"Minnesota Twins","Randy Dobnak",1,1,2,0,0,0,0,1,0,0,0,0,0,0,0,0,0,0,0,5,5,0,0,0,0,0,0,20,0,0,20,60,0
"Minnesota Twins","Scott Blewett",2,0,0,0,0,1,0,0,0,1,0,0,0,0,0,0,0,0,0,4,3,0,0,0.25,0,0.25,0.182,50,0,0,0,0,25
"Minnesota Twins","Simeon Woods Richardson",12,3,5,5,4,3,3,2,3,0,0,0,0,0,0,0,0,0,0,40,36,11,0.306,0.375,0.639,1.014,0.432,30,10,7.5,7.5,17.5,7.5
"Minnesota Twins","Willi Castro",0,0,1,0,0,0,0,0,0,0,0,0,0,0,0,0,0,0,0,1,1,0,0,0,0,0,0,0,0,0,0,100,0
"Minnesota Twins","Zebby Matthews",2,0,0,1,0,0,0,0,0,0,0,0,0,0,0,0,0,0,0,3,3,1,0.333,0.333,0.333,0.666,0.297,66.67,0,0,0,0,0
"New York Mets","A.J. Minter",4,3,1,1,1,0,1,0,0,0,0,0,0,0,0,0,0,0,0,11,10,2,0.2,0.273,0.3,0.573,0.26,36.36,9.09,0,27.27,9.09,0
"New York Mets","Austin Warren",0,1,0,0,0,0,0,0,0,0,0,0,0,0,0,0,0,0,0,1,1,0,0,0,0,0,0,0,0,0,100,0,0
"New York Mets","Blade Tidwell",0,1,0,0,0,0,0,2,1,0,0,0,0,0,0,0,0,0,0,4,4,1,0.25,0.25,1,1.25,0.518,0,0,25,25,50,0
"New York Mets","Brandon Waddell",2,1,2,0,0,0,0,0,0,0,0,0,0,0,0,0,0,0,0,5,5,0,0,0,0,0,0,40,0,0,20,40,0
"New York Mets","Chris Devenski",0,1,0,0,1,0,0,0,0,0,0,0,0,0,0,0,0,0,0,2,1,0,0,0.5,0,0.5,0.348,0,50,0,50,0,0
"New York Mets","Clay Holmes",14,12,7,6,4,2,2,2,1,0,0,0,0,0,0,0,0,0,0,50,46,9,0.196,0.26,0.304,0.564,0.255,28,8,2,24,18,4
"New York Mets","Danny Young",0,2,0,5,0,0,0,0,0,1,0,0,0,0,0,0,0,0,0,8,7,5,0.714,0.75,0.714,1.464,0.648,0,0,0,25,0,0
"New York Mets","David Peterson",8,12,5,7,5,6,4,2,2,0,2,0,0,0,0,0,0,0,0,53,48,13,0.271,0.34,0.479,0.819,0.357,15.09,9.43,3.77,22.64,13.21,11.32
"New York Mets","Dedniel Nunez",1,0,2,0,1,1,0,0,0,0,0,0,0,0,0,0,0,0,0,5,4,0,0,0.2,0,0.2,0.139,20,20,0,0,40,20
"New York Mets","Edwin Di­az",6,1,3,3,4,0,0,0,0,1,0,0,0,0,0,0,0,0,0,18,13,3,0.231,0.444,0.231,0.675,0.344,33.33,22.22,0,5.56,16.67,0
"New York Mets","Genesis Cabrera",1,1,1,0,1,1,0,0,0,0,0,0,0,0,0,0,0,0,0,5,4,0,0,0.2,0,0.2,0.139,20,20,0,20,20,20
"New York Mets","Griffin Canning",10,8,9,11,5,2,1,2,3,0,0,0,0,0,0,0,0,0,0,51,46,15,0.326,0.392,0.543,0.935,0.407,19.61,9.8,5.88,15.69,21.57,3.92
"New York Mets","Huascar Brazoban",5,7,1,5,3,1,1,1,1,0,0,0,0,0,0,0,0,0,0,25,22,7,0.318,0.4,0.5,0.9,0.395,20,12,4,28,8,4
"New York Mets","Jose Butto",4,7,1,0,3,2,1,2,1,0,0,1,0,0,0,0,0,0,0,22,18,2,0.111,0.238,0.333,0.571,0.259,18.18,13.64,4.55,31.82,13.64,9.09
"New York Mets","Jose Urena",0,0,2,0,0,0,0,0,1,0,0,0,0,0,0,0,0,0,0,3,3,1,0.333,0.333,1.333,1.666,0.691,0,0,33.33,0,66.67,0
"New York Mets","Justin Hagenman",1,0,0,0,0,1,1,0,0,0,0,0,0,0,0,0,0,0,0,3,3,1,0.333,0.333,0.667,1,0.423,33.33,0,0,0,0,33.33
"New York Mets","Kevin Herget",0,0,1,0,0,1,0,0,0,0,0,0,0,0,0,0,0,0,0,2,2,0,0,0,0,0,0,0,0,0,0,50,50
"New York Mets","Kodai Senga",5,7,8,9,6,2,3,3,0,0,2,0,0,0,0,0,0,0,0,45,39,12,0.308,0.4,0.385,0.785,0.356,11.11,13.33,0,15.56,24.44,4.44
"New York Mets","Max Kranick",4,7,4,1,0,4,2,1,1,0,0,0,0,0,0,0,0,0,0,24,24,4,0.167,0.167,0.375,0.542,0.229,16.67,0,4.17,29.17,20.83,16.67
"New York Mets","Reed Garrett",4,2,3,2,2,0,0,0,1,0,0,0,0,0,0,0,0,0,0,14,12,3,0.25,0.357,0.5,0.857,0.375,28.57,14.29,7.14,14.29,21.43,0
"New York Mets","Ryne Stanek",4,1,2,0,4,2,1,3,0,0,0,0,1,0,0,0,0,0,0,18,14,2,0.143,0.333,0.357,0.69,0.315,22.22,22.22,0,5.56,27.78,11.11
"New York Mets","Tylor Megill",16,8,3,7,4,3,2,2,1,2,0,0,0,0,0,0,0,0,0,48,42,10,0.238,0.333,0.357,0.69,0.314,33.33,8.33,2.08,16.67,10.42,6.25
"New York Yankees","Adam Ottavino",0,0,0,0,1,0,0,0,0,0,0,0,0,0,0,0,0,0,0,1,0,0,NA,1,NA,NA,0.697,0,100,0,0,0,0
"New York Yankees","Brent Headrick",2,0,0,0,2,0,0,0,0,0,0,0,0,0,0,0,0,0,0,4,2,0,0,0.5,0,0.5,0.348,50,50,0,0,0,0
"New York Yankees","Carlos Carrasco",6,3,3,7,6,3,4,2,1,0,0,0,0,0,0,0,0,0,0,35,29,12,0.414,0.514,0.655,1.169,0.502,17.14,17.14,2.86,8.57,14.29,8.57
"New York Yankees","Carlos Rodon",22,9,9,5,7,3,2,3,2,0,1,0,0,0,0,0,0,0,0,63,56,9,0.161,0.254,0.304,0.558,0.254,34.92,11.11,3.17,14.29,19.05,4.76
"New York Yankees","Clarke Schmidt",7,6,6,6,4,2,2,2,0,0,0,0,0,0,0,0,0,0,0,35,31,8,0.258,0.343,0.323,0.666,0.305,20,11.43,0,17.14,22.86,5.71
"New York Yankees","Devin Williams",4,5,2,3,2,0,0,1,0,0,0,1,0,0,0,0,0,0,0,18,15,3,0.2,0.294,0.2,0.494,0.239,22.22,11.11,0,27.78,16.67,0
"New York Yankees","Fernando Cruz",11,2,1,3,2,2,1,1,0,0,0,0,0,0,0,0,0,0,0,23,21,4,0.19,0.261,0.238,0.499,0.232,47.83,8.7,0,8.7,8.7,8.7
"New York Yankees","Ian Hamilton",4,0,2,1,3,1,0,0,0,0,0,0,0,0,0,0,0,0,0,11,8,1,0.125,0.364,0.125,0.489,0.271,36.36,27.27,0,0,18.18,9.09
"New York Yankees","Jonathan Loaisiga",1,1,0,0,0,0,0,0,0,0,0,0,0,0,0,0,0,0,0,2,2,0,0,0,0,0,0,50,0,0,50,0,0
"New York Yankees","Luke Weaver",5,5,7,0,0,1,0,0,0,0,0,0,0,0,0,0,0,0,0,18,18,0,0,0,0,0,0,27.78,0,0,27.78,38.89,5.56
"New York Yankees","Marcus Stroman",3,3,0,2,1,0,1,0,0,0,0,0,0,0,0,0,0,0,0,10,9,3,0.333,0.4,0.444,0.844,0.375,30,10,0,30,0,0
"New York Yankees","Mark Leiter Jr.",6,2,0,1,0,1,2,0,0,1,0,0,0,0,0,0,0,0,0,13,12,3,0.25,0.308,0.417,0.725,0.32,46.15,0,0,15.38,0,7.69
"New York Yankees","Max Fried",13,17,11,11,3,2,2,3,1,0,1,0,0,0,0,0,0,0,0,64,61,14,0.23,0.266,0.311,0.577,0.258,20.31,4.69,1.56,26.56,21.88,3.12
"New York Yankees","Ryan Yarbrough",4,4,1,5,4,3,0,1,1,1,0,0,0,0,0,0,0,0,0,24,19,6,0.316,0.458,0.474,0.932,0.418,16.67,16.67,4.17,16.67,8.33,12.5
"New York Yankees","Tim Hill",4,4,2,4,2,1,1,0,1,0,0,0,0,0,1,0,0,0,0,20,18,6,0.333,0.4,0.556,0.956,0.415,20,10,5,20,10,5
"New York Yankees","Tyler Matzek",1,1,1,2,1,0,0,0,0,0,0,0,0,0,0,0,0,0,0,6,5,2,0.4,0.5,0.4,0.9,0.413,16.67,16.67,0,16.67,16.67,0
"New York Yankees","Will Warren",11,10,2,6,3,6,2,2,0,1,0,0,0,0,1,0,0,0,0,44,40,8,0.2,0.273,0.25,0.523,0.243,25,6.82,0,22.73,9.09,13.64
"New York Yankees","Yerry De Los Santos",0,2,0,0,0,0,0,0,0,0,0,0,0,0,0,0,0,0,0,2,2,0,0,0,0,0,0,0,0,0,100,0,0
"New York Yankees","Yerry De los Santos",1,3,0,1,1,0,0,0,0,0,0,0,0,0,0,0,0,0,0,6,5,1,0.2,0.333,0.2,0.533,0.265,16.67,16.67,0,50,0,0
"New York Yankees","Yoendrys Gomez",0,4,3,0,2,0,0,1,1,0,0,0,0,0,0,0,0,0,0,11,9,1,0.111,0.273,0.444,0.717,0.315,0,18.18,9.09,36.36,36.36,0
"Philadelphia Phillies","Aaron Nola",7,15,7,9,5,2,0,3,3,1,0,0,0,0,0,0,0,0,0,52,46,12,0.261,0.346,0.457,0.803,0.355,13.46,9.62,5.77,28.85,19.23,3.85
"Philadelphia Phillies","Carlos Hernandez",1,1,5,4,2,1,1,1,0,0,0,0,0,0,0,0,0,0,0,16,14,5,0.357,0.438,0.429,0.867,0.389,6.25,12.5,0,6.25,37.5,6.25
"Philadelphia Phillies","Cristopher Sanchez",18,7,2,4,5,3,1,2,1,1,1,0,0,0,0,0,0,0,0,45,39,6,0.154,0.267,0.256,0.523,0.247,40,11.11,2.22,15.56,8.89,6.67
"Philadelphia Phillies","Daniel Robert",0,0,0,0,1,0,0,0,0,0,0,0,0,0,0,0,0,0,0,1,0,0,NA,1,NA,NA,0.697,0,100,0,0,0,0
"Philadelphia Phillies","Jesus Luzardo",20,9,7,12,1,3,2,2,0,0,0,0,0,0,0,0,0,0,0,56,55,14,0.255,0.268,0.291,0.559,0.249,35.71,1.79,0,16.07,16.07,5.36
"Philadelphia Phillies","Joe Ross",3,4,2,4,1,3,2,2,0,0,0,0,0,0,0,0,0,0,0,21,20,6,0.3,0.333,0.4,0.733,0.324,14.29,4.76,0,19.05,19.05,14.29
"Philadelphia Phillies","Jordan Romano",4,3,4,3,3,0,1,1,0,0,0,0,0,0,0,0,0,0,0,19,16,4,0.25,0.368,0.312,0.68,0.317,21.05,15.79,0,15.79,26.32,0
"Philadelphia Phillies","Jose Alvarado",6,2,2,5,1,3,0,1,0,0,0,0,0,0,0,0,0,0,0,20,19,5,0.263,0.3,0.263,0.563,0.258,30,5,0,10,15,15
"Philadelphia Phillies","Jose Ruiz",2,1,0,0,3,0,1,0,1,0,0,0,0,0,0,0,0,0,1,9,6,2,0.333,0.556,1,1.556,0.603,22.22,33.33,11.11,11.11,0,0
"Philadelphia Phillies","Matt Strahm",6,2,4,1,1,0,2,2,0,0,0,0,0,0,0,0,0,0,0,18,17,3,0.176,0.222,0.294,0.516,0.229,33.33,5.56,0,11.11,33.33,0
"Philadelphia Phillies","Mick Abel",3,0,1,2,0,0,0,0,0,0,0,0,0,0,0,0,0,0,0,6,6,2,0.333,0.333,0.333,0.666,0.297,50,0,0,0,16.67,0
"Philadelphia Phillies","Orion Kerkering",4,0,0,1,3,2,1,2,0,0,0,0,0,0,0,0,0,0,0,13,10,2,0.2,0.385,0.3,0.685,0.327,30.77,23.08,0,0,15.38,15.38
"Philadelphia Phillies","Ranger Suarez",7,6,2,2,0,1,0,0,0,0,0,0,0,0,0,0,0,0,0,18,18,2,0.111,0.111,0.111,0.222,0.099,38.89,0,0,33.33,11.11,5.56
"Philadelphia Phillies","Taijuan Walker",4,13,5,6,1,1,3,2,0,0,0,0,0,0,0,0,0,0,0,35,34,9,0.265,0.286,0.353,0.639,0.281,11.43,2.86,0,37.14,20,2.86
"Philadelphia Phillies","Tanner Banks",4,4,1,3,1,3,1,1,0,0,0,1,1,0,0,0,0,0,0,20,18,5,0.278,0.316,0.444,0.76,0.329,20,5,0,20,10,15
"Philadelphia Phillies","Zack Wheeler",21,19,8,9,2,1,1,2,1,1,0,0,0,0,0,0,0,0,0,65,62,11,0.177,0.215,0.242,0.457,0.207,32.31,3.08,1.54,29.23,15.38,1.54
"Pittsburgh Pirates","Andrew Heaney",10,14,11,3,5,5,2,1,1,0,0,0,0,0,0,0,0,0,0,52,47,6,0.128,0.212,0.234,0.446,0.207,19.23,9.62,1.92,26.92,23.08,9.62
"Pittsburgh Pirates","Bailey Falter",9,7,11,3,5,2,2,7,2,1,0,0,0,0,0,0,0,0,0,49,43,7,0.163,0.265,0.349,0.614,0.277,18.37,10.2,4.08,14.29,36.73,4.08
"Pittsburgh Pirates","Caleb Ferguson",4,4,1,2,0,3,0,2,0,2,0,0,0,0,0,0,0,0,0,18,16,2,0.125,0.222,0.125,0.347,0.18,22.22,0,0,22.22,16.67,16.67
"Pittsburgh Pirates","Carmen Mlodzinski",5,8,8,10,2,2,2,3,3,0,0,0,1,0,0,0,0,0,0,44,42,16,0.381,0.409,0.69,1.099,0.47,11.36,4.55,6.82,18.18,25,4.55
"Pittsburgh Pirates","Chase Shugart",4,6,1,1,1,3,0,3,1,0,0,0,0,0,0,0,0,0,0,20,19,2,0.105,0.15,0.263,0.413,0.183,20,5,5,30,20,15
"Pittsburgh Pirates","Colin Holderman",2,3,2,1,3,0,0,0,2,0,0,0,0,0,0,0,0,0,0,13,10,3,0.3,0.462,0.9,1.362,0.548,15.38,23.08,15.38,23.08,15.38,0
"Pittsburgh Pirates","David Bednar",3,2,2,2,1,2,1,0,0,0,0,0,2,0,0,0,0,0,0,15,14,5,0.357,0.4,0.714,1.114,0.464,20,6.67,0,13.33,13.33,13.33
"Pittsburgh Pirates","Dennis Santana",3,4,2,4,0,2,0,0,0,0,0,0,2,0,0,0,0,0,0,17,17,6,0.353,0.353,0.588,0.941,0.399,17.65,0,0,23.53,11.76,11.76
"Pittsburgh Pirates","Hunter Stratton",0,0,0,1,0,0,0,0,0,0,0,0,0,0,0,0,0,0,0,1,1,1,1,1,1,2,0.891,0,0,0,0,0,0
"Pittsburgh Pirates","Joey Wentz",2,6,2,2,2,3,0,0,0,0,0,0,0,2,0,0,0,0,0,19,15,2,0.133,0.316,0.133,0.449,0.187,10.53,10.53,0,31.58,10.53,15.79
"Pittsburgh Pirates","Justin Lawrence",4,2,2,0,0,0,0,1,0,2,0,0,0,0,0,0,0,0,0,11,9,0,0,0.182,0,0.182,0.132,36.36,0,0,18.18,27.27,0
"Pittsburgh Pirates","Kyle Nicolas",2,2,1,2,1,0,0,0,0,0,0,0,0,0,0,0,0,0,0,8,7,2,0.286,0.375,0.286,0.661,0.31,25,12.5,0,25,12.5,0
"Pittsburgh Pirates","Mitch Keller",9,19,9,9,2,2,1,1,2,0,0,0,0,0,0,0,0,0,0,54,52,12,0.231,0.259,0.365,0.624,0.275,16.67,3.7,3.7,35.19,18.52,3.7
"Pittsburgh Pirates","Paul Skenes",14,13,11,8,3,4,6,2,2,0,1,0,0,0,0,0,0,0,0,64,61,16,0.262,0.297,0.459,0.756,0.328,21.88,4.69,3.12,20.31,20.31,6.25
"Pittsburgh Pirates","Ryan Borucki",3,5,0,2,0,2,0,2,0,0,0,0,0,0,1,0,0,0,0,15,15,2,0.133,0.133,0.133,0.266,0.119,20,0,0,33.33,13.33,13.33
"Pittsburgh Pirates","Tanner Rainey",1,1,0,1,0,1,0,0,0,0,0,0,0,0,0,0,0,0,0,4,4,1,0.25,0.25,0.25,0.5,0.223,25,0,0,25,0,25
"Pittsburgh Pirates","Thomas Harrington",2,1,2,3,0,0,0,0,0,0,0,0,0,0,0,0,0,0,0,8,8,3,0.375,0.375,0.375,0.75,0.334,25,0,0,12.5,25,0
"Pittsburgh Pirates","Tim Mayza",1,1,3,1,0,0,0,2,0,0,0,0,0,0,0,0,0,0,0,8,8,1,0.125,0.125,0.125,0.25,0.111,12.5,0,0,12.5,62.5,0
"San Diego Padres","Adrian Morejon",6,3,0,3,3,0,1,1,1,0,0,0,0,0,0,0,0,0,0,18,15,5,0.333,0.444,0.6,1.044,0.45,33.33,16.67,5.56,16.67,5.56,0
"San Diego Padres","Alek Jacob",3,3,3,2,1,1,0,2,1,2,0,0,0,0,0,0,0,0,0,18,15,3,0.2,0.333,0.4,0.733,0.334,16.67,5.56,5.56,16.67,27.78,5.56
"San Diego Padres","Dylan Cease",10,6,9,5,5,3,2,7,2,0,1,0,0,0,0,0,0,0,0,50,45,9,0.2,0.28,0.378,0.658,0.292,20,10,4,12,32,6
"San Diego Padres","Jason Adam",6,4,3,3,3,1,0,2,0,0,0,0,0,0,0,0,0,0,0,22,19,3,0.158,0.273,0.158,0.431,0.217,27.27,13.64,0,18.18,22.73,4.55
"San Diego Padres","Jeremiah Estrada",5,2,4,2,3,0,0,0,0,0,0,1,0,0,0,0,0,0,0,17,13,2,0.154,0.312,0.154,0.466,0.242,29.41,17.65,0,11.76,23.53,0
"San Diego Padres","Kyle Hart",4,5,5,3,1,3,0,1,1,0,0,0,0,0,0,0,0,0,0,23,22,4,0.182,0.217,0.318,0.535,0.237,17.39,4.35,4.35,21.74,26.09,13.04
"San Diego Padres","Logan Gillaspie",0,2,1,1,1,1,0,0,0,0,0,0,0,0,0,0,0,0,0,6,5,1,0.2,0.333,0.2,0.533,0.265,0,16.67,0,33.33,16.67,16.67
"San Diego Padres","Michael King",20,10,8,6,5,2,0,5,0,0,2,0,0,0,0,0,0,0,0,58,53,6,0.113,0.19,0.113,0.303,0.152,34.48,8.62,0,17.24,22.41,3.45
"San Diego Padres","Nick Pivetta",9,10,9,9,3,4,2,4,2,0,0,0,0,0,0,0,0,0,0,52,49,13,0.265,0.308,0.429,0.737,0.323,17.31,5.77,3.85,19.23,25,7.69
"San Diego Padres","Omar Cruz",2,0,2,0,0,0,0,0,0,0,0,0,0,0,0,0,0,0,0,4,4,0,0,0,0,0,0,50,0,0,0,50,0
"San Diego Padres","Randy Vasquez",5,14,5,5,4,5,2,4,1,2,0,0,0,0,0,0,0,0,0,47,41,8,0.195,0.298,0.317,0.615,0.283,10.64,8.51,2.13,29.79,19.15,10.64
"San Diego Padres","Robert Suarez",6,3,1,1,1,1,1,5,0,0,0,0,0,0,0,0,0,0,0,19,18,2,0.111,0.158,0.167,0.325,0.15,31.58,5.26,0,15.79,31.58,5.26
"San Diego Padres","Ryan Bergert",0,1,3,0,0,0,0,0,0,0,0,0,0,0,0,0,0,0,0,4,4,0,0,0,0,0,0,0,0,0,25,75,0
"San Diego Padres","Sean Reynolds",2,0,2,0,0,0,0,0,1,0,0,0,0,0,0,0,0,0,0,5,5,1,0.2,0.2,0.8,1,0.414,40,0,20,0,40,0
"San Diego Padres","Stephen Kolek",6,7,1,3,2,0,0,1,1,0,0,0,0,0,0,0,0,0,0,21,19,4,0.211,0.286,0.368,0.654,0.292,28.57,9.52,4.76,33.33,9.52,0
"San Diego Padres","Wandy Peralta",5,3,1,4,1,0,1,0,1,0,1,0,0,0,0,0,0,0,0,17,16,6,0.375,0.412,0.625,1.037,0.447,29.41,5.88,5.88,17.65,5.88,0
"San Diego Padres","Yuki Matsui",5,0,5,2,2,1,0,0,1,0,0,0,1,0,0,0,0,0,0,17,15,4,0.267,0.353,0.6,0.953,0.403,29.41,11.76,5.88,0,29.41,5.88
"San Francisco Giants","Camilo Doval",6,6,1,0,3,4,0,0,0,0,0,0,0,0,0,0,0,0,0,20,17,0,0,0.15,0,0.15,0.105,30,15,0,30,5,20
"San Francisco Giants","Christian Koss",0,0,0,1,0,0,0,0,0,0,0,0,0,0,0,0,0,0,0,1,1,1,1,1,1,2,0.891,0,0,0,0,0,0
"San Francisco Giants","Erik Miller",3,2,1,3,2,0,0,1,0,0,0,0,0,0,1,0,0,0,0,13,11,3,0.273,0.385,0.273,0.658,0.313,23.08,15.38,0,15.38,15.38,0
"San Francisco Giants","Hayden Birdsong",7,2,2,3,2,1,2,1,1,0,0,0,2,0,0,0,0,0,0,23,21,8,0.381,0.435,0.81,1.245,0.517,30.43,8.7,4.35,8.7,13.04,4.35
"San Francisco Giants","Jordan Hicks",10,18,5,7,3,0,2,1,1,1,1,0,1,0,0,0,0,0,0,50,46,11,0.239,0.3,0.391,0.691,0.305,20,6,2,36,12,0
"San Francisco Giants","Justin Verlander",10,7,11,6,3,4,2,7,5,0,0,0,0,0,0,0,0,0,0,55,52,13,0.25,0.291,0.577,0.868,0.37,18.18,5.45,9.09,12.73,32.73,7.27
"San Francisco Giants","Kyle Harrison",3,0,0,0,0,0,0,0,1,0,0,0,0,0,0,0,0,0,0,4,4,1,0.25,0.25,1,1.25,0.518,75,0,25,0,0,0
"San Francisco Giants","Landen Roupp",14,10,6,9,5,1,2,0,1,0,0,0,0,0,0,0,0,0,0,48,43,12,0.279,0.354,0.395,0.749,0.336,29.17,10.42,2.08,20.83,12.5,2.08
"San Francisco Giants","Logan Webb",16,17,6,13,6,2,1,1,1,0,0,0,1,0,0,0,0,0,0,64,58,16,0.276,0.344,0.379,0.723,0.324,25,9.38,1.56,26.56,10.94,3.12
"San Francisco Giants","Lou Trivino",4,3,0,2,0,1,0,0,1,0,0,0,0,0,0,0,0,0,0,11,11,3,0.273,0.273,0.545,0.818,0.35,36.36,0,9.09,27.27,0,9.09
"San Francisco Giants","Randy Rodri­guez",5,3,4,1,0,0,1,1,0,0,0,0,0,0,0,0,0,0,0,15,15,2,0.133,0.133,0.2,0.333,0.144,33.33,0,0,20,33.33,0
"San Francisco Giants","Robbie Ray",19,8,4,8,5,4,1,1,0,0,0,0,0,0,1,0,0,0,0,51,46,9,0.196,0.275,0.217,0.492,0.233,37.25,9.8,0,15.69,9.8,7.84
"San Francisco Giants","Ryan Walker",3,4,3,4,3,2,0,0,0,0,0,0,0,0,0,0,0,0,0,19,16,4,0.25,0.368,0.25,0.618,0.298,15.79,15.79,0,21.05,15.79,10.53
"San Francisco Giants","Spencer Bivens",5,8,4,0,1,1,0,0,0,1,0,0,1,0,0,0,0,0,0,21,19,1,0.053,0.143,0.158,0.301,0.144,23.81,4.76,0,38.1,19.05,4.76
"San Francisco Giants","Tyler Rogers",6,9,3,1,0,1,0,0,1,0,0,0,0,0,0,0,0,0,0,21,21,2,0.095,0.095,0.238,0.333,0.141,28.57,0,4.76,42.86,14.29,4.76
"Seattle Mariners","Andres Munoz",7,5,1,3,2,0,0,0,0,1,0,1,0,0,0,0,0,0,0,20,16,3,0.188,0.316,0.188,0.504,0.252,35,10,0,25,5,0
"Seattle Mariners","Bryan Woo",13,14,8,6,4,5,1,5,3,0,0,0,0,0,0,0,0,0,0,59,55,10,0.182,0.237,0.364,0.601,0.265,22.03,6.78,5.08,23.73,22.03,8.47
"Seattle Mariners","Bryce Miller",10,11,5,3,5,2,2,2,1,0,0,0,1,0,0,0,0,0,0,42,37,7,0.189,0.286,0.378,0.664,0.295,23.81,11.9,2.38,26.19,16.67,4.76
"Seattle Mariners","Carlos Vargas",4,8,1,3,2,0,1,0,2,0,0,0,0,0,0,0,0,0,0,21,19,6,0.316,0.381,0.684,1.065,0.451,19.05,9.52,9.52,38.1,4.76,0
"Seattle Mariners","Casey Lawrence",0,5,1,1,0,0,2,1,0,0,0,0,0,0,0,0,0,0,0,10,10,3,0.3,0.3,0.5,0.8,0.343,0,0,0,50,20,0
"Seattle Mariners","Casey Legumina",3,3,0,0,2,3,0,1,0,1,1,1,0,0,0,0,0,0,0,15,11,0,0,0.214,0,0.214,0.152,20,13.33,0,20,6.67,20
"Seattle Mariners","Collin Snider",4,3,3,3,0,0,1,1,2,0,0,0,0,0,0,0,0,0,0,17,17,6,0.353,0.353,0.765,1.118,0.476,23.53,0,11.76,17.65,23.53,0
"Seattle Mariners","Eduard Bazardo",2,3,4,2,3,4,1,1,1,0,0,0,0,0,0,0,0,0,0,21,18,4,0.222,0.333,0.444,0.777,0.343,9.52,14.29,4.76,14.29,23.81,19.05
"Seattle Mariners","Emerson Hancock",10,10,3,5,2,1,1,1,1,0,0,0,0,0,0,0,0,0,0,34,32,7,0.219,0.265,0.344,0.609,0.27,29.41,5.88,2.94,29.41,11.76,2.94
"Seattle Mariners","Gabe Speier",2,3,2,4,0,2,2,0,2,1,0,0,0,0,0,0,0,0,0,18,17,8,0.471,0.5,0.941,1.441,0.61,11.11,0,11.11,16.67,11.11,11.11
"Seattle Mariners","Gregory Santos",0,4,1,1,1,0,1,0,0,0,0,0,0,0,0,0,0,0,0,8,7,2,0.286,0.375,0.429,0.804,0.357,0,12.5,0,50,12.5,0
"Seattle Mariners","Jesse Hahn",1,0,0,1,0,0,0,0,0,0,0,1,0,1,0,0,0,0,0,4,2,1,0.5,0.667,0.5,1.167,0.446,25,0,0,0,0,0
"Seattle Mariners","Jhonathan Di­az",0,0,0,0,0,1,0,0,0,0,0,0,0,0,0,0,0,0,0,1,1,0,0,0,0,0,0,0,0,0,0,0,100
"Seattle Mariners","Leo Rivas",0,0,0,1,0,0,0,0,0,0,0,0,0,0,0,0,0,0,0,1,1,1,1,1,1,2,0.891,0,0,0,0,0,0
"Seattle Mariners","Logan Evans",3,6,1,5,2,5,0,0,0,0,0,0,0,0,0,0,0,0,0,22,20,5,0.25,0.318,0.25,0.568,0.266,13.64,9.09,0,27.27,4.55,22.73
"Seattle Mariners","Logan Gilbert",8,11,4,1,1,2,1,1,1,0,1,0,0,0,0,0,0,0,0,31,30,3,0.1,0.129,0.233,0.362,0.159,25.81,3.23,3.23,35.48,16.13,6.45
"Seattle Mariners","Luis Castillo",8,12,11,8,3,1,4,3,1,0,0,0,0,0,0,0,0,0,0,51,48,13,0.271,0.314,0.417,0.731,0.321,15.69,5.88,1.96,23.53,27.45,1.96
"Seattle Mariners","Luis F. Castillo",1,1,2,1,0,1,1,0,0,0,0,0,0,0,0,0,0,0,0,7,7,2,0.286,0.286,0.429,0.715,0.308,14.29,0,0,14.29,28.57,14.29
"Seattle Mariners","Matt Brash",3,1,0,1,0,0,0,0,0,0,0,0,0,0,0,0,0,0,0,5,5,1,0.2,0.2,0.2,0.4,0.178,60,0,0,20,0,0
"Seattle Mariners","Sauryn Lao",0,0,1,0,0,0,0,0,0,0,0,0,0,0,0,0,0,0,0,1,1,0,0,0,0,0,0,0,0,0,0,100,0
"Seattle Mariners","Tayler Saucedo",3,0,0,0,0,0,0,0,1,0,0,0,0,0,0,0,0,0,0,4,4,1,0.25,0.25,1,1.25,0.518,75,0,25,0,0,0
"Seattle Mariners","Trent Thornton",1,6,0,2,1,1,1,0,2,0,0,0,0,0,0,0,0,0,0,14,13,5,0.385,0.429,0.923,1.352,0.564,7.14,7.14,14.29,42.86,0,7.14
"Seattle Mariners","Troy Taylor",1,1,0,4,0,0,0,1,0,0,0,0,0,0,0,0,0,0,0,7,7,4,0.571,0.571,0.571,1.142,0.509,14.29,0,0,14.29,14.29,0
"St. Louis Cardinals","Andre Pallante",10,21,5,9,1,2,1,0,4,0,0,0,0,0,0,0,0,0,0,53,52,14,0.269,0.283,0.519,0.802,0.345,18.87,1.89,7.55,39.62,9.43,3.77
"St. Louis Cardinals","Chris Roycroft",1,2,2,0,1,0,0,0,0,0,0,0,1,0,0,0,0,0,0,7,6,1,0.167,0.286,0.5,0.786,0.329,14.29,14.29,0,28.57,28.57,0
"St. Louis Cardinals","Erick Fedde",10,8,7,12,10,1,4,0,0,1,1,0,0,0,0,0,0,0,0,54,43,16,0.372,0.5,0.465,0.965,0.434,18.52,18.52,0,14.81,12.96,1.85
"St. Louis Cardinals","Gordon Graceffo",2,4,2,1,0,1,1,0,0,0,0,0,1,0,0,0,0,0,0,12,12,3,0.25,0.25,0.5,0.75,0.314,16.67,0,0,33.33,16.67,8.33
"St. Louis Cardinals","JoJo Romero",2,4,2,4,2,0,0,0,0,0,0,0,0,0,0,0,0,0,0,14,12,4,0.333,0.429,0.333,0.762,0.354,14.29,14.29,0,28.57,14.29,0
"St. Louis Cardinals","John King",2,7,0,1,1,1,1,0,1,0,0,0,0,0,0,0,0,0,0,14,13,3,0.231,0.286,0.538,0.824,0.352,14.29,7.14,7.14,50,0,7.14
"St. Louis Cardinals","Kyle Leahy",4,9,3,2,0,1,0,2,2,0,0,0,0,0,0,0,0,0,0,23,23,4,0.174,0.174,0.435,0.609,0.258,17.39,0,8.7,39.13,21.74,4.35
"St. Louis Cardinals","Matt Svanson",1,3,0,1,0,1,0,0,0,0,0,0,0,0,0,0,0,0,0,6,6,1,0.167,0.167,0.167,0.334,0.148,16.67,0,0,50,0,16.67
"St. Louis Cardinals","Matthew Liberatore",13,14,12,8,2,2,3,1,0,0,0,0,0,0,0,0,0,0,0,55,53,11,0.208,0.236,0.264,0.5,0.224,23.64,3.64,0,25.45,23.64,3.64
"St. Louis Cardinals","Michael McGreevy",1,2,1,0,0,0,0,1,0,0,0,0,0,0,0,0,0,0,0,5,5,0,0,0,0,0,0,20,0,0,40,40,0
"St. Louis Cardinals","Miles Mikolas",8,11,10,6,7,1,1,3,0,1,0,0,0,0,0,0,0,0,0,48,40,7,0.175,0.312,0.2,0.512,0.255,16.67,14.58,0,22.92,27.08,2.08
"St. Louis Cardinals","Phil Maton",5,5,1,2,2,0,0,0,0,0,0,0,0,0,0,0,0,0,0,15,13,2,0.154,0.267,0.154,0.421,0.212,33.33,13.33,0,33.33,6.67,0
"St. Louis Cardinals","Riley O'Brien",2,0,0,1,0,0,0,0,0,0,0,0,0,0,0,0,0,0,0,3,3,1,0.333,0.333,0.333,0.666,0.297,66.67,0,0,0,0,0
"St. Louis Cardinals","Roddery Munoz",0,0,2,0,1,0,0,0,0,0,0,0,0,0,0,0,0,0,0,3,2,0,0,0.333,0,0.333,0.232,0,33.33,0,0,66.67,0
"St. Louis Cardinals","Ryan Fernandez",1,3,2,0,1,0,1,0,1,0,0,0,0,1,0,0,0,0,0,10,8,2,0.25,0.4,0.75,1.15,0.449,10,10,10,30,20,0
"St. Louis Cardinals","Ryan Helsley",2,6,0,6,1,0,0,0,0,0,0,0,0,1,0,0,0,0,0,16,14,6,0.429,0.5,0.429,0.929,0.403,12.5,6.25,0,37.5,0,0
"St. Louis Cardinals","Sonny Gray",13,7,10,8,2,4,2,2,4,0,0,0,0,0,0,0,0,0,0,52,50,14,0.28,0.308,0.56,0.868,0.372,25,3.85,7.69,13.46,23.08,7.69
"St. Louis Cardinals","Steven Matz",6,4,7,5,1,3,1,1,0,1,0,0,0,0,0,0,0,0,0,29,27,6,0.222,0.276,0.259,0.535,0.246,20.69,3.45,0,13.79,27.59,10.34
"Tampa Bay Rays","Cole Sulser",2,1,3,0,1,0,1,0,0,0,0,0,0,0,0,0,0,0,0,8,7,1,0.143,0.25,0.286,0.536,0.246,25,12.5,0,12.5,37.5,0
"Tampa Bay Rays","Connor Seabold",0,1,0,1,0,0,0,0,0,0,0,0,0,0,0,0,0,0,0,2,2,1,0.5,0.5,0.5,1,0.446,0,0,0,50,0,0
"Tampa Bay Rays","Drew Rasmussen",8,14,6,9,3,4,0,0,2,1,0,0,0,0,0,0,0,0,0,47,43,11,0.256,0.319,0.395,0.714,0.319,17.02,6.38,4.26,29.79,12.77,8.51
"Tampa Bay Rays","Edwin Uceta",1,2,5,4,2,1,0,1,0,1,0,0,0,0,0,0,0,0,0,17,14,4,0.286,0.412,0.286,0.698,0.334,5.88,11.76,0,11.76,35.29,5.88
"Tampa Bay Rays","Eric Orze",2,3,3,5,2,1,1,0,0,0,0,0,0,0,0,0,0,0,0,17,15,6,0.4,0.471,0.467,0.938,0.419,11.76,11.76,0,17.65,17.65,5.88
"Tampa Bay Rays","Garrett Cleavinger",6,5,3,1,0,1,0,1,1,0,0,0,0,0,0,0,0,0,0,18,18,2,0.111,0.111,0.278,0.389,0.165,33.33,0,5.56,27.78,22.22,5.56
"Tampa Bay Rays","Hunter Bigge",4,3,1,2,0,3,0,0,2,0,0,0,0,0,0,0,0,0,0,15,15,4,0.267,0.267,0.667,0.934,0.395,26.67,0,13.33,20,6.67,20
"Tampa Bay Rays","Joe Boyle",1,1,1,0,0,1,0,1,0,1,0,0,0,0,0,0,0,0,0,6,5,0,0,0.167,0,0.167,0.121,16.67,0,0,16.67,33.33,16.67
"Tampa Bay Rays","Kevin Kelly",0,0,2,1,0,2,0,0,0,0,0,0,0,0,0,0,0,0,0,5,5,1,0.2,0.2,0.2,0.4,0.178,0,0,0,0,40,40
"Tampa Bay Rays","Manuel Rodri­guez",5,6,0,3,1,0,1,1,1,0,0,0,0,0,0,0,0,0,0,18,17,5,0.294,0.333,0.529,0.862,0.373,27.78,5.56,5.56,33.33,5.56,0
"Tampa Bay Rays","Mason Englert",2,3,1,7,1,0,1,2,0,1,0,0,0,0,0,0,0,0,0,18,16,8,0.5,0.556,0.562,1.118,0.496,11.11,5.56,0,16.67,16.67,0
"Tampa Bay Rays","Mason Montgomery",4,1,1,3,3,0,0,1,0,0,0,0,0,0,0,0,0,0,0,13,10,3,0.3,0.462,0.3,0.762,0.366,30.77,23.08,0,7.69,15.38,0
"Tampa Bay Rays","Pete Fairbanks",7,3,3,1,2,0,0,1,0,0,1,0,0,0,0,0,0,0,0,18,16,1,0.062,0.167,0.062,0.229,0.127,38.89,11.11,0,16.67,22.22,0
"Tampa Bay Rays","Ryan Pepiot",12,6,8,3,5,0,3,5,4,1,2,0,2,0,0,0,0,0,0,51,45,12,0.267,0.353,0.689,1.042,0.435,23.53,9.8,7.84,11.76,25.49,0
"Tampa Bay Rays","Shane Baz",11,8,7,9,4,2,2,5,2,1,0,0,0,0,0,0,0,0,0,51,46,13,0.283,0.353,0.457,0.81,0.357,21.57,7.84,3.92,15.69,23.53,3.92
"Tampa Bay Rays","Taj Bradley",8,11,7,10,7,1,1,4,2,1,0,0,0,0,0,0,0,0,0,52,44,13,0.295,0.404,0.455,0.859,0.383,15.38,13.46,3.85,21.15,21.15,1.92
"Tampa Bay Rays","Zack Littell",8,15,10,7,3,4,2,3,4,0,0,0,0,0,0,0,0,0,0,56,53,13,0.245,0.286,0.509,0.795,0.342,14.29,5.36,7.14,26.79,23.21,7.14
"Texas Rangers","Caleb Boushley",4,4,1,0,1,0,1,0,1,0,0,0,0,0,0,0,0,0,0,12,11,2,0.182,0.25,0.545,0.795,0.336,33.33,8.33,8.33,33.33,8.33,0
"Texas Rangers","Chris Martin",5,1,3,6,0,0,1,2,0,0,1,0,0,0,0,0,0,0,0,19,19,7,0.368,0.368,0.421,0.789,0.348,26.32,0,0,5.26,26.32,0
"Texas Rangers","Cole Winn",1,1,0,0,0,0,0,0,0,0,0,0,0,0,0,0,0,0,0,2,2,0,0,0,0,0,0,50,0,0,50,0,0
"Texas Rangers","Dane Dunning",0,0,2,0,1,0,0,0,0,0,0,0,0,0,0,0,0,0,0,3,2,0,0,0.333,0,0.333,0.232,0,33.33,0,0,66.67,0
"Texas Rangers","Ezequiel Duran",0,1,0,0,0,0,0,0,0,0,0,0,0,0,0,0,0,0,0,1,1,0,0,0,0,0,0,0,0,0,100,0,0
"Texas Rangers","Gerson Garabito",1,0,1,1,1,1,1,0,0,0,1,0,0,0,0,0,0,0,0,7,6,2,0.333,0.429,0.5,0.929,0.408,14.29,14.29,0,0,14.29,14.29
"Texas Rangers","Hoby Milner",4,7,2,2,1,1,2,0,0,0,0,0,0,0,0,0,0,0,0,19,18,4,0.222,0.263,0.333,0.596,0.264,21.05,5.26,0,36.84,10.53,5.26
"Texas Rangers","Jack Leiter",7,11,5,5,2,4,2,1,1,1,0,0,0,0,0,0,0,0,0,39,36,8,0.222,0.282,0.361,0.643,0.287,17.95,5.13,2.56,28.21,15.38,10.26
"Texas Rangers","Jacob Latz",3,1,1,0,2,1,0,1,1,0,0,0,0,0,0,0,0,0,0,10,8,1,0.125,0.3,0.5,0.8,0.347,30,20,10,10,20,10
"Texas Rangers","Jacob Webb",4,3,6,3,0,2,0,1,1,1,1,0,0,0,0,0,0,0,0,22,21,4,0.19,0.227,0.333,0.56,0.249,18.18,0,4.55,13.64,31.82,9.09
"Texas Rangers","Jacob deGrom",7,12,15,9,1,2,1,3,3,0,0,0,0,0,0,0,0,0,0,53,52,13,0.25,0.264,0.442,0.706,0.306,13.21,1.89,5.66,22.64,33.96,3.77
"Texas Rangers","Kumar Rocker",2,8,2,4,0,1,1,1,1,1,0,0,0,0,0,0,0,0,0,21,20,6,0.3,0.333,0.5,0.833,0.363,9.52,0,4.76,38.1,14.29,4.76
"Texas Rangers","Luke Jackson",4,3,2,2,1,1,0,2,0,0,0,0,0,0,0,0,0,0,0,15,14,2,0.143,0.2,0.143,0.343,0.165,26.67,6.67,0,20,26.67,6.67
"Texas Rangers","Marc Church",1,1,0,2,2,0,0,0,0,0,0,0,0,0,0,0,0,0,0,6,4,2,0.5,0.667,0.5,1.167,0.529,16.67,33.33,0,16.67,0,0
"Texas Rangers","Nathan Eovaldi",26,14,7,8,1,3,3,0,0,1,0,0,0,0,0,0,0,0,0,63,61,11,0.18,0.206,0.23,0.436,0.196,41.27,1.59,0,22.22,11.11,4.76
"Texas Rangers","Patrick Corbin",7,8,5,10,2,1,1,2,3,1,0,0,0,0,0,0,0,0,0,40,37,14,0.378,0.425,0.649,1.074,0.463,17.5,5,7.5,20,17.5,2.5
"Texas Rangers","Robert Garcia",3,2,4,4,2,1,0,0,0,0,0,0,0,0,0,0,0,0,0,16,14,4,0.286,0.375,0.286,0.661,0.31,18.75,12.5,0,12.5,25,6.25
"Texas Rangers","Shawn Armstrong",3,1,3,4,2,1,0,2,0,0,0,0,0,0,0,0,0,0,0,16,14,4,0.286,0.375,0.286,0.661,0.31,18.75,12.5,0,6.25,31.25,6.25
"Texas Rangers","Tucker Barnhart",0,0,0,2,0,0,0,0,0,0,0,0,0,0,0,0,0,0,0,2,2,2,1,1,1,2,0.891,0,0,0,0,0,0
"Texas Rangers","Tyler Mahle",8,13,13,9,3,4,3,2,0,0,1,0,0,0,0,0,0,0,0,56,53,12,0.226,0.268,0.283,0.551,0.248,14.29,5.36,0,23.21,26.79,7.14
"Toronto Blue Jays","Bowden Francis",8,10,7,8,3,2,0,5,6,0,0,0,0,0,0,0,0,0,0,49,46,14,0.304,0.347,0.696,1.043,0.442,16.33,6.12,12.24,20.41,24.49,4.08
"Toronto Blue Jays","Braydon Fisher",2,0,0,1,0,0,0,0,0,0,0,0,0,0,0,0,0,0,0,3,3,1,0.333,0.333,0.333,0.666,0.297,66.67,0,0,0,0,0
"Toronto Blue Jays","Brendon Little",7,3,1,1,1,1,1,0,1,0,1,0,0,0,0,0,0,0,0,17,16,3,0.188,0.235,0.438,0.673,0.29,41.18,5.88,5.88,17.65,5.88,5.88
"Toronto Blue Jays","Casey Lawrence",0,0,0,2,0,0,0,0,0,0,0,0,0,0,0,0,0,0,0,2,2,2,1,1,1,2,0.891,0,0,0,0,0,0
"Toronto Blue Jays","Chad Green",1,3,5,2,1,0,0,1,2,0,0,0,0,0,0,0,0,0,0,15,14,4,0.286,0.333,0.714,1.047,0.442,6.67,6.67,13.33,20,40,0
"Toronto Blue Jays","Chris Bassitt",13,15,7,8,2,2,3,2,3,0,0,0,0,0,0,0,0,0,0,55,53,14,0.264,0.291,0.491,0.782,0.337,23.64,3.64,5.45,27.27,16.36,3.64
"Toronto Blue Jays","Dillon Tate",1,1,1,2,0,0,1,0,0,0,0,0,0,0,0,0,0,0,0,6,6,3,0.5,0.5,0.667,1.167,0.508,16.67,0,0,16.67,16.67,0
"Toronto Blue Jays","Easton Lucas",6,0,3,1,4,1,1,1,1,0,0,0,0,0,0,0,0,0,0,18,14,3,0.214,0.389,0.5,0.889,0.39,33.33,22.22,5.56,0,22.22,5.56
"Toronto Blue Jays","Eric Lauer",4,2,2,2,0,0,0,0,1,0,0,0,0,0,0,0,0,0,0,11,11,3,0.273,0.273,0.545,0.818,0.35,36.36,0,9.09,18.18,18.18,0
"Toronto Blue Jays","Jacob Barnes",1,0,3,1,1,1,1,0,0,0,0,0,0,0,0,0,0,0,0,8,7,2,0.286,0.375,0.429,0.804,0.357,12.5,12.5,0,0,37.5,12.5
"Toronto Blue Jays","Jeff Hoffman",7,7,0,1,2,2,0,2,0,0,0,0,0,0,0,0,0,0,0,21,19,1,0.053,0.143,0.053,0.196,0.109,33.33,9.52,0,33.33,9.52,9.52
"Toronto Blue Jays","Jose Berri­os",11,10,9,9,8,2,4,3,4,1,0,0,1,0,0,0,0,0,0,62,53,18,0.34,0.435,0.679,1.114,0.472,17.74,12.9,6.45,16.13,19.35,3.23
"Toronto Blue Jays","Jose Urena",1,2,1,1,0,1,1,1,1,0,0,0,0,0,0,0,0,0,0,9,9,3,0.333,0.333,0.778,1.111,0.47,11.11,0,11.11,22.22,22.22,11.11
"Toronto Blue Jays","Josh Walker",1,0,0,2,2,0,0,0,0,0,0,0,0,0,0,0,0,0,0,5,3,2,0.667,0.8,0.667,1.467,0.635,20,40,0,0,0,0
"Toronto Blue Jays","Kevin Gausman",6,12,15,6,2,7,2,2,1,0,0,0,0,0,0,0,0,0,0,53,51,9,0.176,0.208,0.275,0.483,0.214,11.32,3.77,1.89,22.64,32.08,13.21
"Toronto Blue Jays","Mason Fluharty",3,3,5,1,2,1,0,1,1,0,1,0,0,0,0,0,0,0,0,18,16,2,0.125,0.222,0.312,0.534,0.242,16.67,11.11,5.56,16.67,33.33,5.56
"Toronto Blue Jays","Max Scherzer",0,0,1,0,0,0,0,1,1,0,0,0,0,0,0,0,0,0,0,3,3,1,0.333,0.333,1.333,1.666,0.691,0,0,33.33,0,66.67,0
"Toronto Blue Jays","Nick Sandlin",2,3,0,1,1,1,0,1,0,0,0,0,0,0,0,0,0,0,0,9,8,1,0.125,0.222,0.125,0.347,0.176,22.22,11.11,0,33.33,11.11,11.11
"Toronto Blue Jays","Paxton Schultz",2,1,0,2,0,0,0,1,0,0,0,0,0,0,0,0,0,0,0,6,6,2,0.333,0.333,0.333,0.666,0.297,33.33,0,0,16.67,16.67,0
"Toronto Blue Jays","Richard Lovelady",0,0,1,0,0,0,1,0,0,0,0,0,0,0,0,0,0,0,0,2,2,1,0.5,0.5,1,1.5,0.634,0,0,0,0,50,0
"Toronto Blue Jays","Yariel Rodri­guez",3,1,4,4,3,3,0,2,1,0,0,0,0,1,0,0,0,0,0,22,18,5,0.278,0.409,0.444,0.853,0.368,13.64,13.64,4.55,4.55,27.27,13.64
"Toronto Blue Jays","Yimi Garci­a",6,4,3,3,1,1,0,0,0,0,1,0,0,0,0,0,0,0,0,19,18,3,0.167,0.211,0.167,0.378,0.177,31.58,5.26,0,21.05,15.79,5.26
"Washington Nationals","Amed Rosario",0,0,0,1,0,0,0,0,0,0,0,0,0,0,0,0,0,0,0,1,1,1,1,1,1,2,0.891,0,0,0,0,0,0
"Washington Nationals","Andrew Chafin",0,1,0,0,2,0,0,0,0,0,0,0,0,0,0,0,0,0,0,3,1,0,0,0.667,0,0.667,0.465,0,66.67,0,33.33,0,0
"Washington Nationals","Brad Lord",7,7,3,6,5,7,1,0,0,0,0,0,0,0,0,0,0,0,0,36,31,7,0.226,0.333,0.258,0.591,0.281,19.44,13.89,0,19.44,8.33,19.44
"Washington Nationals","Cole Henry",1,3,2,1,1,2,0,3,0,2,0,0,0,0,0,0,0,0,0,15,12,1,0.083,0.267,0.083,0.35,0.203,6.67,6.67,0,20,33.33,13.33
"Washington Nationals","Colin Poche",4,0,1,0,1,0,0,1,0,0,0,0,0,0,0,0,0,0,0,7,6,0,0,0.143,0,0.143,0.1,57.14,14.29,0,0,28.57,0
"Washington Nationals","Eduardo Salazar",2,4,1,3,1,1,2,0,1,0,0,0,0,0,0,0,0,0,0,15,14,6,0.429,0.467,0.786,1.253,0.532,13.33,6.67,6.67,26.67,6.67,6.67
"Washington Nationals","Jackson Rutledge",5,4,4,6,0,0,0,0,0,0,1,0,0,0,0,0,0,0,0,20,20,6,0.3,0.3,0.3,0.6,0.267,25,0,0,20,20,0
"Washington Nationals","Jake Irvin",9,12,10,10,0,9,4,4,3,0,1,0,0,0,1,0,0,0,0,63,63,17,0.27,0.27,0.476,0.746,0.321,14.29,0,4.76,19.05,22.22,14.29
"Washington Nationals","Jorge Lopez",4,2,2,3,1,3,1,2,0,0,0,0,1,0,0,0,0,0,0,19,18,5,0.278,0.316,0.444,0.76,0.329,21.05,5.26,0,10.53,21.05,15.79
"Washington Nationals","Jose A. Ferrer",4,4,2,3,4,2,1,0,0,1,0,0,0,0,1,0,0,0,0,22,17,4,0.235,0.409,0.294,0.703,0.339,18.18,18.18,0,18.18,9.09,9.09
"Washington Nationals","Kyle Finnegan",1,2,2,5,2,0,2,1,0,0,0,0,0,0,0,0,0,0,0,15,13,7,0.538,0.6,0.692,1.292,0.559,6.67,13.33,0,13.33,20,0
"Washington Nationals","Lucas Sims",5,2,0,1,4,1,0,1,0,3,0,0,0,0,0,0,0,0,0,17,10,1,0.1,0.471,0.1,0.571,0.345,29.41,23.53,0,11.76,5.88,5.88
"Washington Nationals","MacKenzie Gore",18,5,8,8,4,4,3,2,5,0,0,0,0,0,0,0,0,0,0,57,53,16,0.302,0.351,0.642,0.993,0.422,31.58,7.02,8.77,8.77,17.54,7.02
"Washington Nationals","Michael Soroka",6,4,2,2,1,1,0,1,3,0,0,0,0,0,1,0,0,0,0,21,20,5,0.25,0.286,0.7,0.986,0.414,28.57,4.76,14.29,19.05,14.29,4.76
"Washington Nationals","Mitchell Parker",6,12,7,6,6,3,3,5,0,1,0,0,2,0,0,0,0,0,0,51,44,11,0.25,0.353,0.409,0.762,0.339,11.76,11.76,0,23.53,23.53,5.88
"Washington Nationals","Orlando Ribalta",2,2,1,1,0,0,0,0,1,0,0,0,0,0,0,0,0,0,0,7,7,2,0.286,0.286,0.714,1,0.423,28.57,0,14.29,28.57,14.29,0
"Washington Nationals","Trevor Williams",5,9,8,11,1,1,1,7,3,1,0,0,1,0,0,0,0,0,0,48,46,16,0.348,0.375,0.609,0.984,0.423,10.42,2.08,6.25,18.75,31.25,2.08
"Washington Nationals","Zach Brzykcy",0,2,0,0,0,0,0,0,1,0,0,0,0,0,0,0,0,0,0,3,3,1,0.333,0.333,1.333,1.666,0.691,0,0,33.33,66.67,0,0
